"id","task_id","user_id","started_date","completed_date","hours","user_level","task_difficulty"
1,471,9,"2023-04-11 14:58:00.704961+03","2023-04-11 20:58:00.704961+03",6,9,4
2,700,17,"2023-04-11 14:58:00.704961+03","2023-04-11 19:58:00.704961+03",5,9,2
3,114,10,"2023-04-11 14:58:00.709502+03","2023-04-12 05:58:00.709502+03",15,6,5
4,183,9,"2023-04-11 14:58:00.709502+03","2023-04-11 23:58:00.709502+03",9,9,4
5,479,8,"2023-04-11 14:58:00.709502+03","2023-04-12 06:58:00.709502+03",16,2,1
6,306,3,"2023-04-11 14:58:00.709502+03","2023-04-12 12:58:00.709502+03",22,5,6
7,475,2,"2023-04-11 14:58:00.709502+03","2023-04-12 17:58:00.709502+03",27,1,8
8,84,15,"2023-04-11 14:58:00.709502+03","2023-04-12 14:58:00.709502+03",24,4,5
9,927,11,"2023-04-11 14:58:00.7146+03","2023-04-12 08:58:00.7146+03",18,5,3
10,463,1,"2023-04-11 14:58:00.7146+03","2023-04-12 12:58:00.7146+03",22,10,10
11,317,14,"2023-04-11 14:58:00.7146+03","2023-04-12 15:58:00.7146+03",25,5,9
12,193,4,"2023-04-11 14:58:00.7146+03","2023-04-12 03:58:00.7146+03",13,7,1
13,184,5,"2023-04-11 14:58:00.7146+03","2023-04-12 21:58:00.7146+03",31,3,10
14,446,2,"2023-04-11 14:58:00.7146+03","2023-04-12 09:58:00.7146+03",19,1,3
15,70,18,"2023-04-11 14:58:00.7146+03","2023-04-12 10:58:00.7146+03",20,6,7
16,576,2,"2023-04-11 14:58:00.7146+03","2023-04-12 17:58:00.7146+03",27,1,8
17,439,9,"2023-04-11 14:58:00.7146+03","2023-04-11 23:58:00.7146+03",9,9,1
18,606,4,"2023-04-11 14:58:00.7146+03","2023-04-12 02:58:00.7146+03",12,7,1
19,450,12,"2023-04-11 14:58:00.7146+03","2023-04-12 16:58:00.7146+03",26,1,4
20,633,17,"2023-04-11 14:58:00.7146+03","2023-04-12 09:58:00.7146+03",19,9,8
21,454,3,"2023-04-11 14:58:00.7146+03","2023-04-12 13:58:00.7146+03",23,5,7
22,449,11,"2023-04-11 14:58:00.7146+03","2023-04-12 15:58:00.7146+03",25,5,9
23,162,8,"2023-04-11 14:58:00.7146+03","2023-04-12 19:58:00.7146+03",29,2,9
24,442,6,"2023-04-11 14:58:00.72449+03","2023-04-12 03:58:00.72449+03",13,9,7
25,526,10,"2023-04-11 14:58:00.72449+03","2023-04-12 13:58:00.72449+03",23,6,8
26,118,18,"2023-04-11 14:58:00.725507+03","2023-04-12 10:58:00.725507+03",20,6,5
27,366,3,"2023-04-11 14:58:00.725507+03","2023-04-12 14:58:00.725507+03",24,5,7
28,615,3,"2023-04-11 14:58:00.725507+03","2023-04-12 14:58:00.725507+03",24,5,6
29,944,2,"2023-04-11 14:58:00.725507+03","2023-04-12 10:58:00.725507+03",20,1,3
30,627,11,"2023-04-11 14:58:00.725507+03","2023-04-12 16:58:00.725507+03",26,5,9
31,310,8,"2023-04-11 14:58:00.725507+03","2023-04-12 14:58:00.725507+03",24,2,4
32,519,4,"2023-04-11 14:58:00.725507+03","2023-04-11 23:58:00.725507+03",9,7,1
33,7,1,"2023-04-11 14:58:00.725507+03","2023-04-11 18:58:00.725507+03",4,10,2
34,567,3,"2023-04-11 14:58:00.725507+03","2023-04-12 20:58:00.725507+03",30,5,10
35,473,11,"2023-04-11 14:58:00.725507+03","2023-04-12 20:58:00.725507+03",30,5,9
36,826,8,"2023-04-11 14:58:00.725507+03","2023-04-12 06:58:00.725507+03",16,2,1
37,987,12,"2023-04-11 14:58:00.725507+03","2023-04-12 15:58:00.725507+03",25,1,4
38,876,4,"2023-04-11 14:58:00.725507+03","2023-04-12 14:58:00.725507+03",24,7,8
39,843,17,"2023-04-11 14:58:00.734655+03","2023-04-11 22:58:00.734655+03",8,9,1
40,413,19,"2023-04-11 14:58:00.735602+03","2023-04-12 17:58:00.735602+03",27,1,5
41,145,12,"2023-04-11 14:58:00.735602+03","2023-04-12 12:58:00.735602+03",22,1,5
42,717,20,"2023-04-11 14:58:00.735602+03","2023-04-12 08:58:00.735602+03",18,5,5
43,831,13,"2023-04-11 14:58:00.735602+03","2023-04-12 05:58:00.735602+03",15,10,7
44,588,20,"2023-04-11 14:58:00.735602+03","2023-04-12 14:58:00.735602+03",24,5,9
45,303,14,"2023-04-11 14:58:00.735602+03","2023-04-12 14:58:00.735602+03",24,5,7
46,861,17,"2023-04-11 14:58:00.735602+03","2023-04-11 17:58:00.735602+03",3,9,1
47,403,13,"2023-04-11 14:58:00.735602+03","2023-04-12 02:58:00.735602+03",12,10,8
48,287,5,"2023-04-11 14:58:00.741143+03","2023-04-12 13:58:00.741143+03",23,3,4
49,396,13,"2023-04-11 14:58:00.741143+03","2023-04-11 19:58:00.741143+03",5,10,3
50,250,14,"2023-04-11 14:58:00.741143+03","2023-04-12 12:58:00.741143+03",22,5,8
51,654,6,"2023-04-11 14:58:00.741143+03","2023-04-12 04:58:00.741143+03",14,9,6
52,671,12,"2023-04-11 14:58:00.741143+03","2023-04-12 18:58:00.741143+03",28,1,7
53,228,18,"2023-04-11 14:58:00.744648+03","2023-04-12 16:58:00.744648+03",26,6,8
54,880,17,"2023-04-11 14:58:00.744648+03","2023-04-12 02:58:00.744648+03",12,9,5
55,896,16,"2023-04-11 14:58:00.744648+03","2023-04-12 00:58:00.744648+03",10,8,4
56,706,19,"2023-04-11 14:58:00.744648+03","2023-04-13 03:58:00.744648+03",37,1,10
57,58,10,"2023-04-11 14:58:00.744648+03","2023-04-12 16:58:00.744648+03",26,6,10
58,87,9,"2023-04-11 14:58:00.749241+03","2023-04-11 19:58:00.749241+03",5,9,2
59,19,6,"2023-04-11 14:58:00.749241+03","2023-04-12 07:58:00.749241+03",17,9,9
60,973,17,"2023-04-11 14:58:00.749241+03","2023-04-12 07:58:00.749241+03",17,9,9
61,510,8,"2023-04-11 14:58:00.749241+03","2023-04-12 10:58:00.749241+03",20,2,3
62,282,12,"2023-04-11 14:58:00.749241+03","2023-04-12 20:58:00.749241+03",30,1,9
63,147,9,"2023-04-11 14:58:00.749241+03","2023-04-11 21:58:00.749241+03",7,9,4
64,777,16,"2023-04-11 14:58:00.749241+03","2023-04-12 02:58:00.749241+03",12,8,4
65,618,13,"2023-04-11 14:58:00.749241+03","2023-04-11 18:58:00.749241+03",4,10,4
66,889,20,"2023-04-11 14:58:00.754752+03","2023-04-12 02:58:00.754752+03",12,5,2
67,907,6,"2023-04-11 14:58:00.754752+03","2023-04-12 11:58:00.754752+03",21,9,9
68,965,19,"2023-04-11 14:58:00.754752+03","2023-04-12 14:58:00.754752+03",24,1,5
69,293,1,"2023-04-11 14:58:00.757119+03","2023-04-12 00:58:00.757119+03",10,10,7
70,952,18,"2023-04-11 14:58:00.757119+03","2023-04-12 07:58:00.757119+03",17,6,5
71,198,14,"2023-04-11 14:58:00.757119+03","2023-04-12 18:58:00.757119+03",28,5,10
72,655,6,"2023-04-11 14:58:00.757119+03","2023-04-12 08:58:00.757119+03",18,9,10
73,340,18,"2023-04-11 14:58:00.757119+03","2023-04-12 08:58:00.757119+03",18,6,6
74,285,14,"2023-04-11 14:58:00.757119+03","2023-04-12 19:58:00.757119+03",29,5,9
75,476,1,"2023-04-11 14:58:00.757119+03","2023-04-12 08:58:00.757119+03",18,10,9
76,991,20,"2023-04-11 14:58:00.762049+03","2023-04-12 11:58:00.762049+03",21,5,7
77,703,12,"2023-04-11 14:58:00.762049+03","2023-04-12 19:58:00.762049+03",29,1,7
78,323,10,"2023-04-11 14:58:00.762049+03","2023-04-12 16:58:00.762049+03",26,6,9
79,978,7,"2023-04-11 14:58:00.764563+03","2023-04-12 15:58:00.764563+03",25,5,8
80,771,11,"2023-04-11 14:58:00.764563+03","2023-04-12 18:58:00.764563+03",28,5,10
81,853,16,"2023-04-11 14:58:00.764563+03","2023-04-12 12:58:00.764563+03",22,8,9
82,555,1,"2023-04-11 14:58:00.764563+03","2023-04-12 07:58:00.764563+03",17,10,10
83,652,2,"2023-04-11 14:58:00.764563+03","2023-04-12 21:58:00.764563+03",31,1,9
84,242,6,"2023-04-11 14:58:00.764563+03","2023-04-12 07:58:00.764563+03",17,9,7
85,8,16,"2023-04-11 14:58:00.769057+03","2023-04-12 14:58:00.769057+03",24,8,9
86,816,14,"2023-04-11 14:58:00.769057+03","2023-04-12 07:58:00.769057+03",17,5,2
87,420,9,"2023-04-11 14:58:00.77051+03","2023-04-12 00:58:00.77051+03",10,9,2
88,180,9,"2023-04-11 14:58:00.771515+03","2023-04-12 12:58:00.771515+03",22,9,10
89,216,13,"2023-04-11 14:58:00.771515+03","2023-04-11 19:58:00.771515+03",5,10,4
90,234,3,"2023-04-11 14:58:00.771515+03","2023-04-12 15:58:00.771515+03",25,5,8
91,626,6,"2023-04-11 14:58:00.77319+03","2023-04-12 03:58:00.77319+03",13,9,7
92,110,6,"2023-04-11 14:58:00.77319+03","2023-04-11 21:58:00.77319+03",7,9,1
93,311,5,"2023-04-11 14:58:00.774702+03","2023-04-13 01:58:00.774702+03",35,3,10
94,83,8,"2023-04-11 14:58:00.774702+03","2023-04-12 14:58:00.774702+03",24,2,6
95,122,9,"2023-04-11 14:58:00.774702+03","2023-04-12 02:58:00.774702+03",12,9,7
96,140,9,"2023-04-11 14:58:00.774702+03","2023-04-12 00:58:00.774702+03",10,9,5
97,579,11,"2023-04-11 14:58:00.774702+03","2023-04-12 04:58:00.774702+03",14,5,4
98,800,10,"2023-04-11 14:58:00.774702+03","2023-04-12 00:58:00.774702+03",10,6,2
99,328,19,"2023-04-11 14:58:00.774702+03","2023-04-12 10:58:00.774702+03",20,1,2
100,157,7,"2023-04-11 14:58:00.779905+03","2023-04-12 18:58:00.779905+03",28,5,9
101,845,4,"2023-04-11 14:58:00.779905+03","2023-04-12 10:58:00.779905+03",20,7,9
102,716,10,"2023-04-11 14:58:00.779905+03","2023-04-12 05:58:00.779905+03",15,6,4
103,924,4,"2023-04-11 14:58:00.779905+03","2023-04-12 01:58:00.779905+03",11,7,2
104,444,11,"2023-04-11 14:58:00.779905+03","2023-04-12 15:58:00.779905+03",25,5,8
105,547,6,"2023-04-11 14:58:00.779905+03","2023-04-11 20:58:00.779905+03",6,9,2
106,397,3,"2023-04-11 14:58:00.779905+03","2023-04-12 07:58:00.779905+03",17,5,4
107,160,20,"2023-04-11 14:58:00.784918+03","2023-04-12 10:58:00.784918+03",20,5,7
108,528,3,"2023-04-11 14:58:00.784918+03","2023-04-12 03:58:00.784918+03",13,5,2
109,141,3,"2023-04-11 14:58:00.784918+03","2023-04-12 07:58:00.784918+03",17,5,4
110,709,9,"2023-04-11 14:58:00.784918+03","2023-04-11 21:58:00.784918+03",7,9,4
111,357,14,"2023-04-11 14:58:00.788975+03","2023-04-12 13:58:00.788975+03",23,5,7
112,653,6,"2023-04-11 14:58:00.788975+03","2023-04-12 06:58:00.788975+03",16,9,6
113,911,9,"2023-04-11 14:58:00.790673+03","2023-04-12 01:58:00.790673+03",11,9,5
114,220,9,"2023-04-11 14:58:00.790673+03","2023-04-12 10:58:00.790673+03",20,9,9
115,251,16,"2023-04-11 14:58:00.791437+03","2023-04-12 02:58:00.791437+03",12,8,3
116,870,11,"2023-04-11 14:58:00.792171+03","2023-04-12 19:58:00.792171+03",29,5,9
117,247,12,"2023-04-11 14:58:00.79345+03","2023-04-12 13:58:00.79345+03",23,1,6
118,998,17,"2023-04-11 14:58:00.79345+03","2023-04-12 06:58:00.79345+03",16,9,8
119,373,4,"2023-04-11 14:58:00.794874+03","2023-04-12 08:58:00.794874+03",18,7,7
120,873,1,"2023-04-11 14:58:00.794874+03","2023-04-11 22:58:00.794874+03",8,10,5
121,407,2,"2023-04-11 14:58:00.794874+03","2023-04-12 13:58:00.794874+03",23,1,6
122,111,8,"2023-04-11 14:58:00.794874+03","2023-04-12 22:58:00.794874+03",32,2,9
123,737,10,"2023-04-11 14:58:00.794874+03","2023-04-12 04:58:00.794874+03",14,6,4
124,462,8,"2023-04-11 14:58:00.794874+03","2023-04-13 00:58:00.794874+03",34,2,9
125,55,6,"2023-04-11 14:58:00.794874+03","2023-04-11 20:58:00.794874+03",6,9,1
126,426,12,"2023-04-11 14:58:00.794874+03","2023-04-12 14:58:00.794874+03",24,1,4
127,900,7,"2023-04-11 14:58:00.794874+03","2023-04-12 07:58:00.794874+03",17,5,3
128,189,1,"2023-04-11 14:58:00.794874+03","2023-04-12 05:58:00.794874+03",15,10,9
129,820,14,"2023-04-11 14:58:00.801615+03","2023-04-12 21:58:00.801615+03",31,5,10
130,490,8,"2023-04-11 14:58:00.801615+03","2023-04-12 11:58:00.801615+03",21,2,3
131,594,8,"2023-04-11 14:58:00.801615+03","2023-04-12 20:58:00.801615+03",30,2,9
132,603,12,"2023-04-11 14:58:00.803872+03","2023-04-12 19:58:00.803872+03",29,1,7
133,3,17,"2023-04-11 14:58:00.804877+03","2023-04-12 12:58:00.804877+03",22,9,10
134,854,9,"2023-04-11 14:58:00.805588+03","2023-04-12 01:58:00.805588+03",11,9,6
135,763,18,"2023-04-11 14:58:00.805588+03","2023-04-12 07:58:00.805588+03",17,6,3
136,41,20,"2023-04-11 14:58:00.805588+03","2023-04-12 05:58:00.805588+03",15,5,1
137,809,17,"2023-04-11 14:58:00.805588+03","2023-04-11 19:58:00.805588+03",5,9,1
138,841,8,"2023-04-11 14:58:00.805588+03","2023-04-12 18:58:00.805588+03",28,2,6
139,139,5,"2023-04-11 14:58:00.805588+03","2023-04-12 13:58:00.805588+03",23,3,6
140,495,2,"2023-04-11 14:58:00.805588+03","2023-04-12 21:58:00.805588+03",31,1,8
141,733,11,"2023-04-11 14:58:00.805588+03","2023-04-12 04:58:00.805588+03",14,5,3
142,775,8,"2023-04-11 14:58:00.805588+03","2023-04-12 06:58:00.805588+03",16,2,2
143,629,20,"2023-04-11 14:58:00.805588+03","2023-04-12 03:58:00.805588+03",13,5,1
144,339,1,"2023-04-11 14:58:00.805588+03","2023-04-11 20:58:00.805588+03",6,10,4
145,223,20,"2023-04-11 14:58:00.805588+03","2023-04-12 04:58:00.805588+03",14,5,2
146,294,20,"2023-04-11 14:58:00.814525+03","2023-04-12 05:58:00.814525+03",15,5,3
147,64,19,"2023-04-11 14:58:00.814525+03","2023-04-12 11:58:00.814525+03",21,1,1
148,474,19,"2023-04-11 14:58:00.814525+03","2023-04-12 10:58:00.814525+03",20,1,2
149,539,8,"2023-04-11 14:58:00.814525+03","2023-04-12 10:58:00.814525+03",20,2,1
150,513,2,"2023-04-11 14:58:00.814525+03","2023-04-12 15:58:00.814525+03",25,1,5
151,129,1,"2023-04-11 14:58:00.817801+03","2023-04-12 09:58:00.817801+03",19,10,9
152,483,8,"2023-04-11 14:58:00.817801+03","2023-04-12 19:58:00.817801+03",29,2,7
153,352,2,"2023-04-11 14:58:00.817801+03","2023-04-12 13:58:00.817801+03",23,1,4
154,392,12,"2023-04-11 14:58:00.817801+03","2023-04-12 16:58:00.817801+03",26,1,4
155,910,3,"2023-04-11 14:58:00.820813+03","2023-04-12 05:58:00.820813+03",15,5,1
156,858,7,"2023-04-11 14:58:00.821401+03","2023-04-12 19:58:00.821401+03",29,5,10
157,349,9,"2023-04-11 14:58:00.821401+03","2023-04-11 22:58:00.821401+03",8,9,2
158,73,4,"2023-04-11 14:58:00.821401+03","2023-04-12 00:58:00.821401+03",10,7,4
159,760,12,"2023-04-11 14:58:00.821401+03","2023-04-12 22:58:00.821401+03",32,1,10
160,744,4,"2023-04-11 14:58:00.821401+03","2023-04-12 07:58:00.821401+03",17,7,5
161,930,18,"2023-04-11 14:58:00.824911+03","2023-04-12 17:58:00.824911+03",27,6,9
162,691,10,"2023-04-11 14:58:00.824911+03","2023-04-12 10:58:00.824911+03",20,6,7
163,599,18,"2023-04-11 14:58:00.826629+03","2023-04-12 07:58:00.826629+03",17,6,4
164,573,6,"2023-04-11 14:58:00.826629+03","2023-04-11 20:58:00.826629+03",6,9,1
165,226,7,"2023-04-11 14:58:00.826629+03","2023-04-12 07:58:00.826629+03",17,5,5
166,505,2,"2023-04-11 14:58:00.826629+03","2023-04-12 06:58:00.826629+03",16,1,1
167,512,8,"2023-04-11 14:58:00.826629+03","2023-04-12 11:58:00.826629+03",21,2,3
168,752,18,"2023-04-11 14:58:00.826629+03","2023-04-12 12:58:00.826629+03",22,6,6
169,385,20,"2023-04-11 14:58:00.826629+03","2023-04-12 12:58:00.826629+03",22,5,5
170,269,12,"2023-04-11 14:58:00.826629+03","2023-04-12 22:58:00.826629+03",32,1,10
171,566,10,"2023-04-11 14:58:00.826629+03","2023-04-12 01:58:00.826629+03",11,6,2
172,372,6,"2023-04-11 14:58:00.832738+03","2023-04-12 02:58:00.832738+03",12,9,5
173,102,5,"2023-04-11 14:58:00.832738+03","2023-04-12 11:58:00.832738+03",21,3,2
174,916,6,"2023-04-11 14:58:00.834744+03","2023-04-11 20:58:00.834744+03",6,9,1
175,466,14,"2023-04-11 14:58:00.834744+03","2023-04-12 13:58:00.834744+03",23,5,6
176,27,11,"2023-04-11 14:58:00.834744+03","2023-04-12 15:58:00.834744+03",25,5,7
177,805,10,"2023-04-11 14:58:00.836789+03","2023-04-12 16:58:00.836789+03",26,6,8
178,808,2,"2023-04-11 14:58:00.837625+03","2023-04-12 18:58:00.837625+03",28,1,7
179,101,8,"2023-04-11 14:58:00.837625+03","2023-04-12 15:58:00.837625+03",25,2,5
180,699,16,"2023-04-11 14:58:00.837625+03","2023-04-12 04:58:00.837625+03",14,8,4
181,827,1,"2023-04-11 14:58:00.837625+03","2023-04-12 11:58:00.837625+03",21,10,10
182,148,16,"2023-04-11 14:58:00.837625+03","2023-04-12 11:58:00.837625+03",21,8,8
183,91,12,"2023-04-11 14:58:00.840533+03","2023-04-12 09:58:00.840533+03",19,1,1
184,747,12,"2023-04-11 14:58:00.840533+03","2023-04-12 08:58:00.840533+03",18,1,2
185,297,15,"2023-04-11 14:58:00.840533+03","2023-04-12 04:58:00.840533+03",14,4,3
186,705,9,"2023-04-11 14:58:00.840533+03","2023-04-12 01:58:00.840533+03",11,9,6
187,610,4,"2023-04-11 14:58:00.840533+03","2023-04-12 02:58:00.840533+03",12,7,1
188,435,13,"2023-04-11 14:58:00.840533+03","2023-04-12 09:58:00.840533+03",19,10,10
189,319,5,"2023-04-11 14:58:00.840533+03","2023-04-12 18:58:00.840533+03",28,3,7
190,179,13,"2023-04-11 14:58:00.844538+03","2023-04-12 04:58:00.844538+03",14,10,6
191,447,20,"2023-04-11 14:58:00.844538+03","2023-04-12 15:58:00.844538+03",25,5,9
192,108,5,"2023-04-11 14:58:00.84555+03","2023-04-12 21:58:00.84555+03",31,3,10
193,378,4,"2023-04-11 14:58:00.846718+03","2023-04-12 14:58:00.846718+03",24,7,8
194,863,15,"2023-04-11 14:58:00.848102+03","2023-04-12 17:58:00.848102+03",27,4,8
195,1,9,"2023-04-11 14:58:00.848102+03","2023-04-12 05:58:00.848102+03",15,9,8
196,177,4,"2023-04-11 14:58:00.84925+03","2023-04-12 05:58:00.84925+03",15,7,3
197,974,20,"2023-04-11 14:58:00.850273+03","2023-04-12 18:58:00.850273+03",28,5,8
198,274,13,"2023-04-11 14:58:00.850273+03","2023-04-11 15:58:00.850273+03",1,10,1
199,902,4,"2023-04-11 14:58:00.850273+03","2023-04-11 21:58:00.850273+03",7,7,1
200,38,1,"2023-04-11 14:58:00.850273+03","2023-04-11 23:58:00.850273+03",9,10,5
201,459,9,"2023-04-11 14:58:00.852815+03","2023-04-11 21:58:00.852815+03",7,9,3
202,999,18,"2023-04-11 14:58:00.852815+03","2023-04-12 06:58:00.852815+03",16,6,6
203,932,13,"2023-04-11 14:58:00.853848+03","2023-04-11 19:58:00.853848+03",5,10,3
204,764,19,"2023-04-11 14:58:00.854853+03","2023-04-12 22:58:00.854853+03",32,1,9
205,424,19,"2023-04-11 14:58:00.854853+03","2023-04-12 20:58:00.854853+03",30,1,7
206,751,7,"2023-04-11 14:58:00.854853+03","2023-04-12 05:58:00.854853+03",15,5,3
207,518,6,"2023-04-11 14:58:00.854853+03","2023-04-11 22:58:00.854853+03",8,9,3
208,399,12,"2023-04-11 14:58:00.854853+03","2023-04-13 02:58:00.854853+03",36,1,10
209,233,13,"2023-04-11 14:58:00.854853+03","2023-04-11 19:58:00.854853+03",5,10,2
210,554,7,"2023-04-11 14:58:00.854853+03","2023-04-12 12:58:00.854853+03",22,5,7
211,346,1,"2023-04-11 14:58:00.854853+03","2023-04-12 01:58:00.854853+03",11,10,5
212,480,2,"2023-04-11 14:58:00.854853+03","2023-04-12 08:58:00.854853+03",18,1,3
213,564,4,"2023-04-11 14:58:00.860582+03","2023-04-11 23:58:00.860582+03",9,7,1
214,855,2,"2023-04-11 14:58:00.860582+03","2023-04-12 16:58:00.860582+03",26,1,6
215,347,16,"2023-04-11 14:58:00.860582+03","2023-04-12 02:58:00.860582+03",12,8,2
216,563,18,"2023-04-11 14:58:00.860582+03","2023-04-12 11:58:00.860582+03",21,6,7
217,66,7,"2023-04-11 14:58:00.860582+03","2023-04-12 01:58:00.860582+03",11,5,1
218,116,12,"2023-04-11 14:58:00.860582+03","2023-04-12 23:58:00.860582+03",33,1,8
219,886,20,"2023-04-11 14:58:00.860582+03","2023-04-12 04:58:00.860582+03",14,5,1
220,549,10,"2023-04-11 14:58:00.860582+03","2023-04-12 15:58:00.860582+03",25,6,10
221,35,12,"2023-04-11 14:58:00.864728+03","2023-04-12 17:58:00.864728+03",27,1,8
222,253,1,"2023-04-11 14:58:00.864728+03","2023-04-12 02:58:00.864728+03",12,10,8
223,656,19,"2023-04-11 14:58:00.864728+03","2023-04-12 13:58:00.864728+03",23,1,2
224,979,15,"2023-04-11 14:58:00.864728+03","2023-04-12 23:58:00.864728+03",33,4,10
225,75,13,"2023-04-11 14:58:00.864728+03","2023-04-12 05:58:00.864728+03",15,10,7
226,954,20,"2023-04-11 14:58:00.864728+03","2023-04-12 04:58:00.864728+03",14,5,4
227,224,16,"2023-04-11 14:58:00.86883+03","2023-04-12 06:58:00.86883+03",16,8,8
228,401,8,"2023-04-11 14:58:00.86883+03","2023-04-12 08:58:00.86883+03",18,2,1
229,568,9,"2023-04-11 14:58:00.86883+03","2023-04-11 18:58:00.86883+03",4,9,2
230,236,10,"2023-04-11 14:58:00.86883+03","2023-04-12 03:58:00.86883+03",13,6,3
231,452,4,"2023-04-11 14:58:00.86883+03","2023-04-12 00:58:00.86883+03",10,7,4
232,586,19,"2023-04-11 14:58:00.871442+03","2023-04-12 19:58:00.871442+03",29,1,8
233,596,12,"2023-04-11 14:58:00.871442+03","2023-04-12 10:58:00.871442+03",20,1,3
234,589,8,"2023-04-11 14:58:00.871442+03","2023-04-12 10:58:00.871442+03",20,2,2
235,550,13,"2023-04-11 14:58:00.871442+03","2023-04-12 02:58:00.871442+03",12,10,5
236,738,6,"2023-04-11 14:58:00.871442+03","2023-04-11 19:58:00.871442+03",5,9,1
237,2,18,"2023-04-11 14:58:00.871442+03","2023-04-12 05:58:00.871442+03",15,6,1
238,69,4,"2023-04-11 14:58:00.871442+03","2023-04-12 03:58:00.871442+03",13,7,2
239,541,18,"2023-04-11 14:58:00.875059+03","2023-04-12 02:58:00.875059+03",12,6,1
240,123,10,"2023-04-11 14:58:00.875059+03","2023-04-12 16:58:00.875059+03",26,6,9
241,232,20,"2023-04-11 14:58:00.875059+03","2023-04-12 18:58:00.875059+03",28,5,10
242,926,14,"2023-04-11 14:58:00.875059+03","2023-04-12 09:58:00.875059+03",19,5,3
243,857,19,"2023-04-11 14:58:00.875059+03","2023-04-12 20:58:00.875059+03",30,1,9
244,732,11,"2023-04-11 14:58:00.875059+03","2023-04-12 16:58:00.875059+03",26,5,8
245,844,6,"2023-04-11 14:58:00.875059+03","2023-04-11 23:58:00.875059+03",9,9,2
246,811,1,"2023-04-11 14:58:00.875059+03","2023-04-12 06:58:00.875059+03",16,10,9
247,609,3,"2023-04-11 14:58:00.875059+03","2023-04-12 17:58:00.875059+03",27,5,10
248,136,12,"2023-04-11 14:58:00.875059+03","2023-04-12 11:58:00.875059+03",21,1,3
249,524,18,"2023-04-11 14:58:00.875059+03","2023-04-12 11:58:00.875059+03",21,6,7
250,207,15,"2023-04-11 14:58:00.875059+03","2023-04-12 19:58:00.875059+03",29,4,10
251,788,14,"2023-04-11 14:58:00.875059+03","2023-04-12 11:58:00.875059+03",21,5,6
252,255,16,"2023-04-11 14:58:00.875059+03","2023-04-12 08:58:00.875059+03",18,8,6
253,520,16,"2023-04-11 14:58:00.875059+03","2023-04-11 20:58:00.875059+03",6,8,1
254,789,5,"2023-04-11 14:58:00.875059+03","2023-04-12 09:58:00.875059+03",19,3,2
255,414,18,"2023-04-11 14:58:00.875059+03","2023-04-12 06:58:00.875059+03",16,6,5
256,288,7,"2023-04-11 14:58:00.875059+03","2023-04-12 07:58:00.875059+03",17,5,5
257,423,19,"2023-04-11 14:58:00.884912+03","2023-04-12 18:58:00.884912+03",28,1,8
258,124,9,"2023-04-11 14:58:00.884912+03","2023-04-12 07:58:00.884912+03",17,9,8
259,82,19,"2023-04-11 14:58:00.884912+03","2023-04-12 14:58:00.884912+03",24,1,6
260,977,3,"2023-04-11 14:58:00.884912+03","2023-04-12 09:58:00.884912+03",19,5,6
261,674,13,"2023-04-11 14:58:00.884912+03","2023-04-11 18:58:00.884912+03",4,10,2
262,371,7,"2023-04-11 14:58:00.884912+03","2023-04-12 16:58:00.884912+03",26,5,7
263,461,13,"2023-04-11 14:58:00.884912+03","2023-04-12 02:58:00.884912+03",12,10,5
264,387,4,"2023-04-11 14:58:00.884912+03","2023-04-12 06:58:00.884912+03",16,7,5
265,960,4,"2023-04-11 14:58:00.884912+03","2023-04-12 06:58:00.884912+03",16,7,7
266,165,19,"2023-04-11 14:58:00.884912+03","2023-04-12 08:58:00.884912+03",18,1,3
267,544,7,"2023-04-11 14:58:00.890024+03","2023-04-12 07:58:00.890024+03",17,5,3
268,782,2,"2023-04-11 14:58:00.890024+03","2023-04-12 12:58:00.890024+03",22,1,3
269,481,16,"2023-04-11 14:58:00.890024+03","2023-04-12 00:58:00.890024+03",10,8,3
270,878,13,"2023-04-11 14:58:00.890024+03","2023-04-11 17:58:00.890024+03",3,10,3
271,819,15,"2023-04-11 14:58:00.890024+03","2023-04-12 07:58:00.890024+03",17,4,4
272,133,17,"2023-04-11 14:58:00.890024+03","2023-04-12 09:58:00.890024+03",19,9,10
273,675,19,"2023-04-11 14:58:00.890024+03","2023-04-12 21:58:00.890024+03",31,1,9
274,590,15,"2023-04-11 14:58:00.890024+03","2023-04-12 19:58:00.890024+03",29,4,8
275,72,1,"2023-04-11 14:58:00.890024+03","2023-04-12 10:58:00.890024+03",20,10,9
276,37,14,"2023-04-11 14:58:00.894642+03","2023-04-12 17:58:00.894642+03",27,5,9
277,935,18,"2023-04-11 14:58:00.894642+03","2023-04-12 10:58:00.894642+03",20,6,5
278,351,16,"2023-04-11 14:58:00.894642+03","2023-04-12 07:58:00.894642+03",17,8,7
279,622,1,"2023-04-11 14:58:00.894642+03","2023-04-11 19:58:00.894642+03",5,10,2
280,621,11,"2023-04-11 14:58:00.894642+03","2023-04-12 02:58:00.894642+03",12,5,2
281,309,19,"2023-04-11 14:58:00.894642+03","2023-04-12 11:58:00.894642+03",21,1,1
282,536,16,"2023-04-11 14:58:00.894642+03","2023-04-12 00:58:00.894642+03",10,8,1
283,849,4,"2023-04-11 14:58:00.894642+03","2023-04-12 07:58:00.894642+03",17,7,5
284,32,8,"2023-04-11 14:58:00.894642+03","2023-04-12 10:58:00.894642+03",20,2,4
285,502,13,"2023-04-11 14:58:00.894642+03","2023-04-12 02:58:00.894642+03",12,10,8
286,51,8,"2023-04-11 14:58:00.899781+03","2023-04-12 13:58:00.899781+03",23,2,4
287,540,19,"2023-04-11 14:58:00.899781+03","2023-04-12 17:58:00.899781+03",27,1,5
288,315,5,"2023-04-11 14:58:00.899781+03","2023-04-12 17:58:00.899781+03",27,3,9
289,967,3,"2023-04-11 14:58:00.90089+03","2023-04-12 09:58:00.90089+03",19,5,3
290,632,16,"2023-04-11 14:58:00.90089+03","2023-04-12 12:58:00.90089+03",22,8,9
291,47,12,"2023-04-11 14:58:00.90089+03","2023-04-12 18:58:00.90089+03",28,1,7
292,624,19,"2023-04-11 14:58:00.90089+03","2023-04-12 11:58:00.90089+03",21,1,4
293,350,3,"2023-04-11 14:58:00.90089+03","2023-04-12 08:58:00.90089+03",18,5,4
294,830,2,"2023-04-11 14:58:00.90089+03","2023-04-12 21:58:00.90089+03",31,1,8
295,548,9,"2023-04-11 14:58:00.90089+03","2023-04-12 04:58:00.90089+03",14,9,5
296,666,4,"2023-04-11 14:58:00.90089+03","2023-04-12 03:58:00.90089+03",13,7,1
297,237,2,"2023-04-11 14:58:00.905+03","2023-04-12 15:58:00.905+03",25,1,5
298,804,11,"2023-04-11 14:58:00.905+03","2023-04-12 20:58:00.905+03",30,5,9
299,807,9,"2023-04-11 14:58:00.905+03","2023-04-12 12:58:00.905+03",22,9,10
300,790,10,"2023-04-11 14:58:00.905+03","2023-04-12 17:58:00.905+03",27,6,9
301,246,4,"2023-04-11 14:58:00.905+03","2023-04-12 04:58:00.905+03",14,7,3
302,670,6,"2023-04-11 14:58:00.905+03","2023-04-12 03:58:00.905+03",13,9,7
303,355,14,"2023-04-11 14:58:00.905+03","2023-04-12 19:58:00.905+03",29,5,9
304,759,1,"2023-04-11 14:58:00.905+03","2023-04-12 10:58:00.905+03",20,10,9
305,545,13,"2023-04-11 14:58:00.905+03","2023-04-11 18:58:00.905+03",4,10,1
306,324,19,"2023-04-11 14:58:00.909637+03","2023-04-12 10:58:00.909637+03",20,1,3
307,561,10,"2023-04-11 14:58:00.909637+03","2023-04-12 11:58:00.909637+03",21,6,7
308,125,18,"2023-04-11 14:58:00.909637+03","2023-04-12 02:58:00.909637+03",12,6,4
309,482,10,"2023-04-11 14:58:00.909637+03","2023-04-12 04:58:00.909637+03",14,6,4
310,828,9,"2023-04-11 14:58:00.909637+03","2023-04-11 23:58:00.909637+03",9,9,5
311,657,16,"2023-04-11 14:58:00.909637+03","2023-04-12 14:58:00.909637+03",24,8,10
312,913,12,"2023-04-11 14:58:00.909637+03","2023-04-13 00:58:00.909637+03",34,1,10
313,89,8,"2023-04-11 14:58:00.909637+03","2023-04-12 16:58:00.909637+03",26,2,8
314,662,5,"2023-04-11 14:58:00.909637+03","2023-04-12 14:58:00.909637+03",24,3,6
315,415,5,"2023-04-11 14:58:00.909637+03","2023-04-12 16:58:00.909637+03",26,3,7
316,437,14,"2023-04-11 14:58:00.909637+03","2023-04-12 09:58:00.909637+03",19,5,4
317,391,7,"2023-04-11 14:58:00.914743+03","2023-04-12 05:58:00.914743+03",15,5,4
318,40,2,"2023-04-11 14:58:00.914743+03","2023-04-12 17:58:00.914743+03",27,1,6
319,14,6,"2023-04-11 14:58:00.914743+03","2023-04-12 11:58:00.914743+03",21,9,9
320,922,18,"2023-04-11 14:58:00.914743+03","2023-04-12 10:58:00.914743+03",20,6,5
321,88,16,"2023-04-11 14:58:00.916866+03","2023-04-12 09:58:00.916866+03",19,8,8
322,334,6,"2023-04-11 14:58:00.916866+03","2023-04-11 22:58:00.916866+03",8,9,5
323,348,7,"2023-04-11 14:58:00.916866+03","2023-04-12 10:58:00.916866+03",20,5,7
324,814,7,"2023-04-11 14:58:00.916866+03","2023-04-12 04:58:00.916866+03",14,5,4
325,256,20,"2023-04-11 14:58:00.916866+03","2023-04-12 07:58:00.916866+03",17,5,4
326,6,5,"2023-04-11 14:58:00.916866+03","2023-04-12 12:58:00.916866+03",22,3,4
327,772,9,"2023-04-11 14:58:00.916866+03","2023-04-11 18:58:00.916866+03",4,9,2
328,270,17,"2023-04-11 14:58:00.916866+03","2023-04-12 11:58:00.916866+03",21,9,10
329,743,10,"2023-04-11 14:58:00.916866+03","2023-04-12 04:58:00.916866+03",14,6,2
330,992,12,"2023-04-11 14:58:00.916866+03","2023-04-12 19:58:00.916866+03",29,1,8
331,639,16,"2023-04-11 14:58:00.916866+03","2023-04-12 08:58:00.916866+03",18,8,6
332,755,2,"2023-04-11 14:58:00.916866+03","2023-04-12 15:58:00.916866+03",25,1,6
333,936,8,"2023-04-11 14:58:00.916866+03","2023-04-12 08:58:00.916866+03",18,2,3
334,456,4,"2023-04-11 14:58:00.916866+03","2023-04-12 10:58:00.916866+03",20,7,9
335,383,8,"2023-04-11 14:58:00.916866+03","2023-04-12 22:58:00.916866+03",32,2,9
336,938,7,"2023-04-11 14:58:00.916866+03","2023-04-12 19:58:00.916866+03",29,5,10
337,172,19,"2023-04-11 14:58:00.924974+03","2023-04-12 22:58:00.924974+03",32,1,8
338,50,6,"2023-04-11 14:58:00.924974+03","2023-04-11 21:58:00.924974+03",7,9,3
339,238,4,"2023-04-11 14:58:00.924974+03","2023-04-12 01:58:00.924974+03",11,7,3
340,301,2,"2023-04-11 14:58:00.924974+03","2023-04-12 16:58:00.924974+03",26,1,4
341,669,14,"2023-04-11 14:58:00.924974+03","2023-04-12 13:58:00.924974+03",23,5,8
342,99,16,"2023-04-11 14:58:00.924974+03","2023-04-12 10:58:00.924974+03",20,8,7
343,688,20,"2023-04-11 14:58:00.924974+03","2023-04-12 04:58:00.924974+03",14,5,4
344,263,11,"2023-04-11 14:58:00.924974+03","2023-04-12 04:58:00.924974+03",14,5,1
345,542,8,"2023-04-11 14:58:00.924974+03","2023-04-12 08:58:00.924974+03",18,2,3
346,278,20,"2023-04-11 14:58:00.924974+03","2023-04-12 18:58:00.924974+03",28,5,8
347,283,19,"2023-04-11 14:58:00.9296+03","2023-04-12 17:58:00.9296+03",27,1,5
348,262,6,"2023-04-11 14:58:00.9296+03","2023-04-11 18:58:00.9296+03",4,9,2
349,837,12,"2023-04-11 14:58:00.9296+03","2023-04-12 11:58:00.9296+03",21,1,4
350,562,19,"2023-04-11 14:58:00.9296+03","2023-04-12 11:58:00.9296+03",21,1,5
351,153,8,"2023-04-11 14:58:00.9296+03","2023-04-12 20:58:00.9296+03",30,2,7
352,336,20,"2023-04-11 14:58:00.9296+03","2023-04-12 14:58:00.9296+03",24,5,6
353,817,10,"2023-04-11 14:58:00.9296+03","2023-04-12 01:58:00.9296+03",11,6,3
354,411,13,"2023-04-11 14:58:00.932713+03","2023-04-11 20:58:00.932713+03",6,10,2
355,393,7,"2023-04-11 14:58:00.932713+03","2023-04-12 06:58:00.932713+03",16,5,3
356,739,20,"2023-04-11 14:58:00.932713+03","2023-04-12 01:58:00.932713+03",11,5,1
357,912,1,"2023-04-11 14:58:00.932713+03","2023-04-12 01:58:00.932713+03",11,10,7
358,945,20,"2023-04-11 14:58:00.932713+03","2023-04-12 08:58:00.932713+03",18,5,6
359,941,15,"2023-04-11 14:58:00.934828+03","2023-04-12 07:58:00.934828+03",17,4,3
360,672,5,"2023-04-11 14:58:00.934828+03","2023-04-12 12:58:00.934828+03",22,3,6
361,729,1,"2023-04-11 14:58:00.934828+03","2023-04-11 22:58:00.934828+03",8,10,5
362,736,1,"2023-04-11 14:58:00.934828+03","2023-04-12 00:58:00.934828+03",10,10,6
363,641,7,"2023-04-11 14:58:00.934828+03","2023-04-12 06:58:00.934828+03",16,5,4
364,848,17,"2023-04-11 14:58:00.934828+03","2023-04-12 08:58:00.934828+03",18,9,10
365,261,6,"2023-04-11 14:58:00.934828+03","2023-04-12 04:58:00.934828+03",14,9,8
366,846,5,"2023-04-11 14:58:00.934828+03","2023-04-12 10:58:00.934828+03",20,3,1
367,643,7,"2023-04-11 14:58:00.934828+03","2023-04-12 05:58:00.934828+03",15,5,2
368,80,9,"2023-04-11 14:58:00.934828+03","2023-04-11 22:58:00.934828+03",8,9,4
369,39,7,"2023-04-11 14:58:00.939957+03","2023-04-12 11:58:00.939957+03",21,5,6
370,191,13,"2023-04-11 14:58:00.939957+03","2023-04-11 21:58:00.939957+03",7,10,4
371,971,12,"2023-04-11 14:58:00.939957+03","2023-04-12 23:58:00.939957+03",33,1,8
372,65,1,"2023-04-11 14:58:00.939957+03","2023-04-12 02:58:00.939957+03",12,10,8
373,533,15,"2023-04-11 14:58:00.939957+03","2023-04-12 04:58:00.939957+03",14,4,3
374,937,11,"2023-04-11 14:58:00.939957+03","2023-04-12 01:58:00.939957+03",11,5,1
375,697,3,"2023-04-11 14:58:00.939957+03","2023-04-12 14:58:00.939957+03",24,5,8
376,13,15,"2023-04-11 14:58:00.939957+03","2023-04-12 06:58:00.939957+03",16,4,2
377,100,5,"2023-04-11 14:58:00.939957+03","2023-04-12 19:58:00.939957+03",29,3,8
378,720,12,"2023-04-11 14:58:00.939957+03","2023-04-12 10:58:00.939957+03",20,1,1
379,823,4,"2023-04-11 14:58:00.939957+03","2023-04-12 13:58:00.939957+03",23,7,9
380,818,1,"2023-04-11 14:58:00.945063+03","2023-04-11 18:58:00.945063+03",4,10,4
381,725,15,"2023-04-11 14:58:00.945063+03","2023-04-12 11:58:00.945063+03",21,4,5
382,365,19,"2023-04-11 14:58:00.945063+03","2023-04-12 08:58:00.945063+03",18,1,3
383,767,7,"2023-04-11 14:58:00.945063+03","2023-04-12 09:58:00.945063+03",19,5,4
384,36,5,"2023-04-11 14:58:00.945063+03","2023-04-12 17:58:00.945063+03",27,3,6
385,647,13,"2023-04-11 14:58:00.945063+03","2023-04-11 16:58:00.945063+03",2,10,1
386,113,20,"2023-04-11 14:58:00.945063+03","2023-04-12 17:58:00.945063+03",27,5,8
387,427,19,"2023-04-11 14:58:00.948689+03","2023-04-12 13:58:00.948689+03",23,1,5
388,318,6,"2023-04-11 14:58:00.948689+03","2023-04-12 02:58:00.948689+03",12,9,5
389,906,2,"2023-04-11 14:58:00.948689+03","2023-04-12 15:58:00.948689+03",25,1,7
390,485,12,"2023-04-11 14:58:00.948689+03","2023-04-12 22:58:00.948689+03",32,1,8
391,617,2,"2023-04-11 14:58:00.948689+03","2023-04-12 16:58:00.948689+03",26,1,4
392,572,2,"2023-04-11 14:58:00.948689+03","2023-04-12 14:58:00.948689+03",24,1,4
393,164,20,"2023-04-11 14:58:00.948689+03","2023-04-12 07:58:00.948689+03",17,5,2
394,458,19,"2023-04-11 14:58:00.948689+03","2023-04-12 11:58:00.948689+03",21,1,3
395,412,14,"2023-04-11 14:58:00.948689+03","2023-04-12 12:58:00.948689+03",22,5,7
396,783,10,"2023-04-11 14:58:00.948689+03","2023-04-12 06:58:00.948689+03",16,6,4
397,884,6,"2023-04-11 14:58:00.948689+03","2023-04-12 05:58:00.948689+03",15,9,6
398,962,8,"2023-04-11 14:58:00.948689+03","2023-04-12 10:58:00.948689+03",20,2,5
399,741,5,"2023-04-11 14:58:00.954804+03","2023-04-12 20:58:00.954804+03",30,3,9
400,918,7,"2023-04-11 14:58:00.954804+03","2023-04-12 18:58:00.954804+03",28,5,9
401,953,10,"2023-04-11 14:58:00.954804+03","2023-04-12 11:58:00.954804+03",21,6,6
402,167,12,"2023-04-11 14:58:00.954804+03","2023-04-12 15:58:00.954804+03",25,1,5
403,62,13,"2023-04-11 14:58:00.954804+03","2023-04-11 22:58:00.954804+03",8,10,2
404,577,17,"2023-04-11 14:58:00.954804+03","2023-04-12 00:58:00.954804+03",10,9,2
405,836,10,"2023-04-11 14:58:00.954804+03","2023-04-12 08:58:00.954804+03",18,6,7
406,333,12,"2023-04-11 14:58:00.954804+03","2023-04-12 17:58:00.954804+03",27,1,5
407,419,6,"2023-04-11 14:58:00.954804+03","2023-04-12 03:58:00.954804+03",13,9,7
408,871,11,"2023-04-11 14:58:00.954804+03","2023-04-12 15:58:00.954804+03",25,5,8
409,780,20,"2023-04-11 14:58:00.959924+03","2023-04-12 17:58:00.959924+03",27,5,8
410,190,2,"2023-04-11 14:58:00.959924+03","2023-04-12 11:58:00.959924+03",21,1,4
411,638,15,"2023-04-11 14:58:00.961031+03","2023-04-12 15:58:00.961031+03",25,4,6
412,316,20,"2023-04-11 14:58:00.961031+03","2023-04-12 08:58:00.961031+03",18,5,3
413,200,9,"2023-04-11 14:58:00.961031+03","2023-04-11 19:58:00.961031+03",5,9,1
414,877,19,"2023-04-11 14:58:00.961031+03","2023-04-12 23:58:00.961031+03",33,1,8
415,12,7,"2023-04-11 14:58:00.961031+03","2023-04-12 03:58:00.961031+03",13,5,1
416,451,1,"2023-04-11 14:58:00.961031+03","2023-04-11 21:58:00.961031+03",7,10,2
417,535,3,"2023-04-11 14:58:00.961031+03","2023-04-12 05:58:00.961031+03",15,5,2
418,326,15,"2023-04-11 14:58:00.961031+03","2023-04-12 05:58:00.961031+03",15,4,3
419,132,8,"2023-04-11 14:58:00.964733+03","2023-04-12 06:58:00.964733+03",16,2,2
420,208,6,"2023-04-11 14:58:00.964733+03","2023-04-11 23:58:00.964733+03",9,9,1
421,731,10,"2023-04-11 14:58:00.964733+03","2023-04-12 07:58:00.964733+03",17,6,6
422,693,8,"2023-04-11 14:58:00.964733+03","2023-04-12 14:58:00.964733+03",24,2,4
423,847,19,"2023-04-11 14:58:00.964733+03","2023-04-12 13:58:00.964733+03",23,1,2
424,127,6,"2023-04-11 14:58:00.964733+03","2023-04-12 04:58:00.964733+03",14,9,8
425,210,19,"2023-04-11 14:58:00.964733+03","2023-04-12 13:58:00.964733+03",23,1,6
426,231,18,"2023-04-11 14:58:00.964733+03","2023-04-12 04:58:00.964733+03",14,6,5
427,882,19,"2023-04-11 14:58:00.964733+03","2023-04-12 23:58:00.964733+03",33,1,9
428,600,6,"2023-04-11 14:58:00.964733+03","2023-04-11 19:58:00.964733+03",5,9,1
429,332,9,"2023-04-11 14:58:00.964733+03","2023-04-12 00:58:00.964733+03",10,9,5
430,665,18,"2023-04-11 14:58:00.969862+03","2023-04-12 05:58:00.969862+03",15,6,1
431,950,1,"2023-04-11 14:58:00.969862+03","2023-04-12 05:58:00.969862+03",15,10,7
432,204,19,"2023-04-11 14:58:00.969862+03","2023-04-13 01:58:00.969862+03",35,1,10
433,377,16,"2023-04-11 14:58:00.97147+03","2023-04-12 07:58:00.97147+03",17,8,8
434,126,9,"2023-04-11 14:58:00.97147+03","2023-04-12 05:58:00.97147+03",15,9,7
435,642,15,"2023-04-11 14:58:00.97147+03","2023-04-12 09:58:00.97147+03",19,4,2
436,105,2,"2023-04-11 14:58:00.97147+03","2023-04-12 08:58:00.97147+03",18,1,2
437,601,19,"2023-04-11 14:58:00.97147+03","2023-04-13 01:58:00.97147+03",35,1,10
438,894,9,"2023-04-11 14:58:00.97147+03","2023-04-11 20:58:00.97147+03",6,9,2
439,376,7,"2023-04-11 14:58:00.97147+03","2023-04-12 16:58:00.97147+03",26,5,8
440,342,13,"2023-04-11 14:58:00.974598+03","2023-04-12 05:58:00.974598+03",15,10,9
441,768,3,"2023-04-11 14:58:00.974598+03","2023-04-12 11:58:00.974598+03",21,5,5
442,770,2,"2023-04-11 14:58:00.974598+03","2023-04-12 17:58:00.974598+03",27,1,6
443,229,11,"2023-04-11 14:58:00.974598+03","2023-04-12 03:58:00.974598+03",13,5,2
444,196,20,"2023-04-11 14:58:00.974598+03","2023-04-12 17:58:00.974598+03",27,5,8
445,625,3,"2023-04-11 14:58:00.974598+03","2023-04-12 04:58:00.974598+03",14,5,1
446,416,17,"2023-04-11 14:58:00.974598+03","2023-04-12 04:58:00.974598+03",14,9,8
447,284,10,"2023-04-11 14:58:00.974598+03","2023-04-12 05:58:00.974598+03",15,6,4
448,833,2,"2023-04-11 14:58:00.974598+03","2023-04-12 15:58:00.974598+03",25,1,5
449,492,16,"2023-04-11 14:58:00.974598+03","2023-04-12 04:58:00.974598+03",14,8,5
450,614,16,"2023-04-11 14:58:00.974598+03","2023-04-12 04:58:00.974598+03",14,8,6
451,395,17,"2023-04-11 14:58:00.97973+03","2023-04-12 03:58:00.97973+03",13,9,5
452,21,9,"2023-04-11 14:58:00.97973+03","2023-04-12 06:58:00.97973+03",16,9,8
453,515,11,"2023-04-11 14:58:00.97973+03","2023-04-12 02:58:00.97973+03",12,5,2
454,883,5,"2023-04-11 14:58:00.980843+03","2023-04-12 13:58:00.980843+03",23,3,4
455,181,17,"2023-04-11 14:58:00.980843+03","2023-04-11 19:58:00.980843+03",5,9,2
456,331,12,"2023-04-11 14:58:00.980843+03","2023-04-12 17:58:00.980843+03",27,1,8
457,597,18,"2023-04-11 14:58:00.980843+03","2023-04-12 01:58:00.980843+03",11,6,3
458,240,18,"2023-04-11 14:58:00.980843+03","2023-04-12 07:58:00.980843+03",17,6,5
459,905,16,"2023-04-11 14:58:00.980843+03","2023-04-11 23:58:00.980843+03",9,8,1
460,260,3,"2023-04-11 14:58:00.980843+03","2023-04-12 15:58:00.980843+03",25,5,9
461,195,14,"2023-04-11 14:58:00.980843+03","2023-04-12 17:58:00.980843+03",27,5,9
462,623,13,"2023-04-11 14:58:00.984953+03","2023-04-11 19:58:00.984953+03",5,10,3
463,532,18,"2023-04-11 14:58:00.984953+03","2023-04-12 06:58:00.984953+03",16,6,6
464,494,17,"2023-04-11 14:58:00.984953+03","2023-04-12 01:58:00.984953+03",11,9,5
465,335,14,"2023-04-11 14:58:00.984953+03","2023-04-12 12:58:00.984953+03",22,5,7
466,850,2,"2023-04-11 14:58:00.984953+03","2023-04-13 02:58:00.984953+03",36,1,10
467,44,3,"2023-04-11 14:58:00.984953+03","2023-04-12 06:58:00.984953+03",16,5,4
468,523,2,"2023-04-11 14:58:00.984953+03","2023-04-12 16:58:00.984953+03",26,1,6
469,584,17,"2023-04-11 14:58:00.984953+03","2023-04-12 10:58:00.984953+03",20,9,9
470,552,15,"2023-04-11 14:58:00.984953+03","2023-04-12 10:58:00.984953+03",20,4,3
471,156,2,"2023-04-11 14:58:00.984953+03","2023-04-12 18:58:00.984953+03",28,1,7
472,658,1,"2023-04-11 14:58:00.984953+03","2023-04-12 12:58:00.984953+03",22,10,10
473,307,10,"2023-04-11 14:58:00.990081+03","2023-04-12 04:58:00.990081+03",14,6,5
474,538,11,"2023-04-11 14:58:00.990081+03","2023-04-12 13:58:00.990081+03",23,5,7
475,612,7,"2023-04-11 14:58:00.990081+03","2023-04-12 22:58:00.990081+03",32,5,10
476,794,16,"2023-04-11 14:58:00.990081+03","2023-04-11 22:58:00.990081+03",8,8,2
477,514,1,"2023-04-11 14:58:00.990081+03","2023-04-11 17:58:00.990081+03",3,10,1
478,649,10,"2023-04-11 14:58:00.990081+03","2023-04-12 13:58:00.990081+03",23,6,7
479,961,3,"2023-04-11 14:58:00.990081+03","2023-04-12 08:58:00.990081+03",18,5,6
480,85,2,"2023-04-11 14:58:00.990081+03","2023-04-13 00:58:00.990081+03",34,1,9
481,76,11,"2023-04-11 14:58:00.990081+03","2023-04-12 20:58:00.990081+03",30,5,10
482,892,16,"2023-04-11 14:58:00.990081+03","2023-04-12 09:58:00.990081+03",19,8,9
483,711,19,"2023-04-11 14:58:00.990081+03","2023-04-12 11:58:00.990081+03",21,1,5
484,380,7,"2023-04-11 14:58:00.994691+03","2023-04-12 20:58:00.994691+03",30,5,9
485,52,3,"2023-04-11 14:58:00.994691+03","2023-04-12 06:58:00.994691+03",16,5,1
486,275,10,"2023-04-11 14:58:00.994691+03","2023-04-12 05:58:00.994691+03",15,6,4
487,417,11,"2023-04-11 14:58:00.994691+03","2023-04-12 03:58:00.994691+03",13,5,2
488,469,17,"2023-04-11 14:58:00.994691+03","2023-04-12 05:58:00.994691+03",15,9,8
489,94,1,"2023-04-11 14:58:00.996812+03","2023-04-12 02:58:00.996812+03",12,10,8
490,359,15,"2023-04-11 14:58:00.996812+03","2023-04-12 17:58:00.996812+03",27,4,9
491,742,15,"2023-04-11 14:58:00.99894+03","2023-04-12 21:58:00.99894+03",31,4,9
492,389,3,"2023-04-11 14:58:00.99894+03","2023-04-12 03:58:00.99894+03",13,5,3
493,368,18,"2023-04-11 14:58:01.00005+03","2023-04-12 07:58:01.00005+03",17,6,5
494,11,8,"2023-04-11 14:58:01.00005+03","2023-04-13 00:58:01.00005+03",34,2,9
495,951,6,"2023-04-11 14:58:01.001052+03","2023-04-12 03:58:01.001052+03",13,9,5
496,464,5,"2023-04-11 14:58:01.001052+03","2023-04-12 11:58:01.001052+03",21,3,2
497,291,1,"2023-04-11 14:58:01.002053+03","2023-04-11 22:58:01.002053+03",8,10,6
498,78,9,"2023-04-11 14:58:01.002053+03","2023-04-11 20:58:01.002053+03",6,9,3
499,685,12,"2023-04-11 14:58:01.00305+03","2023-04-12 17:58:01.00305+03",27,1,8
500,507,8,"2023-04-11 14:58:01.00305+03","2023-04-12 15:58:01.00305+03",25,2,7
501,611,18,"2023-04-11 14:58:01.00305+03","2023-04-12 05:58:01.00305+03",15,6,1
502,721,11,"2023-04-11 14:58:01.004658+03","2023-04-12 06:58:01.004658+03",16,5,3
503,644,10,"2023-04-11 14:58:01.004658+03","2023-04-12 13:58:01.004658+03",23,6,9
504,486,17,"2023-04-11 14:58:01.005769+03","2023-04-12 09:58:01.005769+03",19,9,9
505,975,7,"2023-04-11 14:58:01.006769+03","2023-04-12 10:58:01.006769+03",20,5,5
506,188,3,"2023-04-11 14:58:01.006769+03","2023-04-12 11:58:01.006769+03",21,5,6
507,279,9,"2023-04-11 14:58:01.007771+03","2023-04-12 08:58:01.007771+03",18,9,8
508,985,9,"2023-04-11 14:58:01.007771+03","2023-04-12 04:58:01.007771+03",14,9,6
509,338,6,"2023-04-11 14:58:01.008779+03","2023-04-12 11:58:01.008779+03",21,9,10
510,31,1,"2023-04-11 14:58:01.008779+03","2023-04-12 06:58:01.008779+03",16,10,10
511,203,17,"2023-04-11 14:58:01.010251+03","2023-04-12 02:58:01.010251+03",12,9,6
512,681,8,"2023-04-11 14:58:01.010251+03","2023-04-12 12:58:01.010251+03",22,2,4
513,708,14,"2023-04-11 14:58:01.011358+03","2023-04-12 07:58:01.011358+03",17,5,3
514,899,6,"2023-04-11 14:58:01.012358+03","2023-04-11 21:58:01.012358+03",7,9,4
515,500,11,"2023-04-11 14:58:01.012358+03","2023-04-12 11:58:01.012358+03",21,5,5
516,130,10,"2023-04-11 14:58:01.013259+03","2023-04-12 02:58:01.013259+03",12,6,2
517,432,18,"2023-04-11 14:58:01.013259+03","2023-04-12 07:58:01.013259+03",17,6,3
518,97,14,"2023-04-11 14:58:01.014765+03","2023-04-12 10:58:01.014765+03",20,5,5
519,149,8,"2023-04-11 14:58:01.014765+03","2023-04-12 10:58:01.014765+03",20,2,5
520,187,15,"2023-04-11 14:58:01.015772+03","2023-04-12 23:58:01.015772+03",33,4,10
521,155,12,"2023-04-11 14:58:01.015772+03","2023-04-12 19:58:01.015772+03",29,1,8
522,95,6,"2023-04-11 14:58:01.016771+03","2023-04-12 05:58:01.016771+03",15,9,8
523,970,20,"2023-04-11 14:58:01.017328+03","2023-04-12 08:58:01.017328+03",18,5,3
524,698,1,"2023-04-11 14:58:01.017328+03","2023-04-11 14:58:01.017328+03",0,10,1
525,947,18,"2023-04-11 14:58:01.017328+03","2023-04-12 12:58:01.017328+03",22,6,7
526,356,8,"2023-04-11 14:58:01.017328+03","2023-04-12 12:58:01.017328+03",22,2,2
527,852,5,"2023-04-11 14:58:01.017328+03","2023-04-12 19:58:01.017328+03",29,3,9
528,498,2,"2023-04-11 14:58:01.017328+03","2023-04-12 07:58:01.017328+03",17,1,1
529,381,9,"2023-04-11 14:58:01.017328+03","2023-04-12 10:58:01.017328+03",20,9,10
530,276,19,"2023-04-11 14:58:01.017328+03","2023-04-12 10:58:01.017328+03",20,1,4
531,243,10,"2023-04-11 14:58:01.017328+03","2023-04-12 06:58:01.017328+03",16,6,6
532,296,12,"2023-04-11 14:58:01.017328+03","2023-04-12 11:58:01.017328+03",21,1,3
533,325,6,"2023-04-11 14:58:01.017328+03","2023-04-11 20:58:01.017328+03",6,9,1
534,593,5,"2023-04-11 14:58:01.017328+03","2023-04-12 11:58:01.017328+03",21,3,3
535,405,19,"2023-04-11 14:58:01.017328+03","2023-04-12 15:58:01.017328+03",25,1,5
536,71,20,"2023-04-11 14:58:01.017328+03","2023-04-12 18:58:01.017328+03",28,5,10
537,248,4,"2023-04-11 14:58:01.017328+03","2023-04-12 16:58:01.017328+03",26,7,9
538,17,6,"2023-04-11 14:58:01.024933+03","2023-04-12 08:58:01.024933+03",18,9,8
539,740,7,"2023-04-11 14:58:01.024933+03","2023-04-12 02:58:01.024933+03",12,5,1
540,862,9,"2023-04-11 14:58:01.024933+03","2023-04-12 01:58:01.024933+03",11,9,3
541,587,18,"2023-04-11 14:58:01.024933+03","2023-04-12 14:58:01.024933+03",24,6,9
542,660,6,"2023-04-11 14:58:01.024933+03","2023-04-12 03:58:01.024933+03",13,9,5
543,602,5,"2023-04-11 14:58:01.024933+03","2023-04-12 11:58:01.024933+03",21,3,3
544,583,11,"2023-04-11 14:58:01.024933+03","2023-04-12 15:58:01.024933+03",25,5,7
545,277,20,"2023-04-11 14:58:01.024933+03","2023-04-12 03:58:01.024933+03",13,5,2
546,93,17,"2023-04-11 14:58:01.024933+03","2023-04-12 03:58:01.024933+03",13,9,5
547,591,20,"2023-04-11 14:58:01.024933+03","2023-04-12 04:58:01.024933+03",14,5,4
548,418,15,"2023-04-11 14:58:01.024933+03","2023-04-12 05:58:01.024933+03",15,4,1
549,762,16,"2023-04-11 14:58:01.030058+03","2023-04-12 08:58:01.030058+03",18,8,6
550,304,15,"2023-04-11 14:58:01.030058+03","2023-04-12 13:58:01.030058+03",23,4,7
551,197,15,"2023-04-11 14:58:01.030058+03","2023-04-12 20:58:01.030058+03",30,4,8
552,557,17,"2023-04-11 14:58:01.030058+03","2023-04-12 00:58:01.030058+03",10,9,2
553,137,9,"2023-04-11 14:58:01.030058+03","2023-04-12 11:58:01.030058+03",21,9,10
554,484,7,"2023-04-11 14:58:01.030058+03","2023-04-12 03:58:01.030058+03",13,5,3
555,300,6,"2023-04-11 14:58:01.03267+03","2023-04-11 23:58:01.03267+03",9,9,3
556,799,12,"2023-04-11 14:58:01.033394+03","2023-04-12 22:58:01.033394+03",32,1,10
557,322,8,"2023-04-11 14:58:01.033394+03","2023-04-12 08:58:01.033394+03",18,2,1
558,431,3,"2023-04-11 14:58:01.033394+03","2023-04-12 06:58:01.033394+03",16,5,5
559,433,5,"2023-04-11 14:58:01.033394+03","2023-04-12 19:58:01.033394+03",29,3,7
560,635,12,"2023-04-11 14:58:01.035005+03","2023-04-12 17:58:01.035005+03",27,1,7
561,98,4,"2023-04-11 14:58:01.035005+03","2023-04-12 08:58:01.035005+03",18,7,7
562,680,8,"2023-04-11 14:58:01.035005+03","2023-04-12 20:58:01.035005+03",30,2,8
563,5,17,"2023-04-11 14:58:01.035005+03","2023-04-11 22:58:01.035005+03",8,9,1
564,496,5,"2023-04-11 14:58:01.035005+03","2023-04-12 13:58:01.035005+03",23,3,4
565,856,17,"2023-04-11 14:58:01.035005+03","2023-04-12 02:58:01.035005+03",12,9,6
566,997,7,"2023-04-11 14:58:01.035005+03","2023-04-12 16:58:01.035005+03",26,5,8
567,981,8,"2023-04-11 14:58:01.035005+03","2023-04-12 08:58:01.035005+03",18,2,4
568,825,14,"2023-04-11 14:58:01.035005+03","2023-04-12 10:58:01.035005+03",20,5,6
569,353,17,"2023-04-11 14:58:01.035005+03","2023-04-12 02:58:01.035005+03",12,9,4
570,26,20,"2023-04-11 14:58:01.035005+03","2023-04-12 12:58:01.035005+03",22,5,8
571,327,12,"2023-04-11 14:58:01.035005+03","2023-04-12 14:58:01.035005+03",24,1,4
572,646,20,"2023-04-11 14:58:01.035005+03","2023-04-12 01:58:01.035005+03",11,5,1
573,810,8,"2023-04-11 14:58:01.035005+03","2023-04-12 16:58:01.035005+03",26,2,7
574,205,2,"2023-04-11 14:58:01.035005+03","2023-04-12 21:58:01.035005+03",31,1,9
575,839,7,"2023-04-11 14:58:01.035005+03","2023-04-12 06:58:01.035005+03",16,5,3
576,582,15,"2023-04-11 14:58:01.035005+03","2023-04-12 04:58:01.035005+03",14,4,2
577,636,6,"2023-04-11 14:58:01.035005+03","2023-04-11 23:58:01.035005+03",9,9,1
578,468,15,"2023-04-11 14:58:01.035005+03","2023-04-12 20:58:01.035005+03",30,4,8
579,719,15,"2023-04-11 14:58:01.035005+03","2023-04-12 17:58:01.035005+03",27,4,8
580,382,14,"2023-04-11 14:58:01.035005+03","2023-04-12 05:58:01.035005+03",15,5,2
581,45,10,"2023-04-11 14:58:01.035005+03","2023-04-12 03:58:01.035005+03",13,6,4
582,704,14,"2023-04-11 14:58:01.035005+03","2023-04-12 14:58:01.035005+03",24,5,8
583,121,3,"2023-04-11 14:58:01.045036+03","2023-04-12 12:58:01.045036+03",22,5,8
584,104,7,"2023-04-11 14:58:01.045036+03","2023-04-12 04:58:01.045036+03",14,5,4
585,115,19,"2023-04-11 14:58:01.045036+03","2023-04-12 16:58:01.045036+03",26,1,4
586,714,9,"2023-04-11 14:58:01.045036+03","2023-04-11 23:58:01.045036+03",9,9,4
587,928,3,"2023-04-11 14:58:01.045036+03","2023-04-12 14:58:01.045036+03",24,5,8
588,668,17,"2023-04-11 14:58:01.045036+03","2023-04-11 18:58:01.045036+03",4,9,1
589,302,5,"2023-04-11 14:58:01.045036+03","2023-04-12 09:58:01.045036+03",19,3,1
590,33,5,"2023-04-11 14:58:01.048663+03","2023-04-12 15:58:01.048663+03",25,3,7
591,330,3,"2023-04-11 14:58:01.048663+03","2023-04-12 21:58:01.048663+03",31,5,10
592,367,8,"2023-04-11 14:58:01.048663+03","2023-04-12 21:58:01.048663+03",31,2,8
593,939,16,"2023-04-11 14:58:01.048663+03","2023-04-12 11:58:01.048663+03",21,8,8
594,343,2,"2023-04-11 14:58:01.048663+03","2023-04-13 02:58:01.048663+03",36,1,10
595,679,20,"2023-04-11 14:58:01.048663+03","2023-04-12 21:58:01.048663+03",31,5,10
596,206,8,"2023-04-11 14:58:01.048663+03","2023-04-12 18:58:01.048663+03",28,2,7
597,875,5,"2023-04-11 14:58:01.048663+03","2023-04-12 09:58:01.048663+03",19,3,2
598,934,8,"2023-04-11 14:58:01.048663+03","2023-04-13 01:58:01.048663+03",35,2,10
599,813,5,"2023-04-11 14:58:01.048663+03","2023-04-12 12:58:01.048663+03",22,3,4
600,702,2,"2023-04-11 14:58:01.048663+03","2023-04-12 17:58:01.048663+03",27,1,6
601,942,16,"2023-04-11 14:58:01.048663+03","2023-04-12 09:58:01.048663+03",19,8,8
602,707,18,"2023-04-11 14:58:01.048663+03","2023-04-12 06:58:01.048663+03",16,6,6
603,661,18,"2023-04-11 14:58:01.048663+03","2023-04-12 06:58:01.048663+03",16,6,5
604,74,1,"2023-04-11 14:58:01.054777+03","2023-04-12 01:58:01.054777+03",11,10,5
605,134,19,"2023-04-11 14:58:01.054777+03","2023-04-12 21:58:01.054777+03",31,1,7
606,718,3,"2023-04-11 14:58:01.054777+03","2023-04-12 08:58:01.054777+03",18,5,5
607,730,3,"2023-04-11 14:58:01.054777+03","2023-04-12 11:58:01.054777+03",21,5,6
608,917,10,"2023-04-11 14:58:01.054777+03","2023-04-12 03:58:01.054777+03",13,6,3
609,487,16,"2023-04-11 14:58:01.054777+03","2023-04-12 08:58:01.054777+03",18,8,9
610,386,14,"2023-04-11 14:58:01.054777+03","2023-04-12 01:58:01.054777+03",11,5,1
611,734,20,"2023-04-11 14:58:01.054777+03","2023-04-12 02:58:01.054777+03",12,5,1
612,90,6,"2023-04-11 14:58:01.054777+03","2023-04-12 10:58:01.054777+03",20,9,8
613,673,11,"2023-04-11 14:58:01.054777+03","2023-04-12 05:58:01.054777+03",15,5,4
614,174,8,"2023-04-11 14:58:01.054777+03","2023-04-12 23:58:01.054777+03",33,2,10
615,527,17,"2023-04-11 14:58:01.061452+03","2023-04-11 22:58:01.061452+03",8,9,3
616,59,20,"2023-04-11 14:58:01.061452+03","2023-04-12 04:58:01.061452+03",14,5,4
617,735,18,"2023-04-11 14:58:01.061452+03","2023-04-12 17:58:01.061452+03",27,6,10
618,170,7,"2023-04-11 14:58:01.061452+03","2023-04-12 12:58:01.061452+03",22,5,7
619,598,19,"2023-04-11 14:58:01.061452+03","2023-04-12 20:58:01.061452+03",30,1,9
620,756,3,"2023-04-11 14:58:01.061452+03","2023-04-12 14:58:01.061452+03",24,5,9
621,455,7,"2023-04-11 14:58:01.061452+03","2023-04-12 07:58:01.061452+03",17,5,4
622,689,9,"2023-04-11 14:58:01.065119+03","2023-04-12 09:58:01.065119+03",19,9,8
623,684,17,"2023-04-11 14:58:01.065119+03","2023-04-12 10:58:01.065119+03",20,9,8
624,722,6,"2023-04-11 14:58:01.065119+03","2023-04-11 22:58:01.065119+03",8,9,3
625,728,16,"2023-04-11 14:58:01.065119+03","2023-04-12 02:58:01.065119+03",12,8,4
626,521,16,"2023-04-11 14:58:01.065119+03","2023-04-12 03:58:01.065119+03",13,8,3
627,364,14,"2023-04-11 14:58:01.065119+03","2023-04-12 06:58:01.065119+03",16,5,3
628,559,7,"2023-04-11 14:58:01.065119+03","2023-04-12 14:58:01.065119+03",24,5,7
629,267,12,"2023-04-11 14:58:01.065119+03","2023-04-12 23:58:01.065119+03",33,1,10
630,957,6,"2023-04-11 14:58:01.065119+03","2023-04-11 20:58:01.065119+03",6,9,4
631,499,20,"2023-04-11 14:58:01.065119+03","2023-04-12 16:58:01.065119+03",26,5,9
632,793,16,"2023-04-11 14:58:01.069663+03","2023-04-11 23:58:01.069663+03",9,8,1
633,178,6,"2023-04-11 14:58:01.069663+03","2023-04-11 22:58:01.069663+03",8,9,5
634,61,2,"2023-04-11 14:58:01.069663+03","2023-04-12 22:58:01.069663+03",32,1,10
635,537,17,"2023-04-11 14:58:01.069663+03","2023-04-12 06:58:01.069663+03",16,9,9
636,695,4,"2023-04-11 14:58:01.069663+03","2023-04-12 08:58:01.069663+03",18,7,5
637,968,5,"2023-04-11 14:58:01.071686+03","2023-04-12 08:58:01.071686+03",18,3,2
638,107,17,"2023-04-11 14:58:01.071686+03","2023-04-12 00:58:01.071686+03",10,9,6
639,948,4,"2023-04-11 14:58:01.071686+03","2023-04-12 11:58:01.071686+03",21,7,8
640,659,16,"2023-04-11 14:58:01.071686+03","2023-04-12 12:58:01.071686+03",22,8,8
641,166,10,"2023-04-11 14:58:01.071686+03","2023-04-12 12:58:01.071686+03",22,6,7
642,522,16,"2023-04-11 14:58:01.071686+03","2023-04-11 22:58:01.071686+03",8,8,2
643,604,10,"2023-04-11 14:58:01.071686+03","2023-04-12 07:58:01.071686+03",17,6,5
644,241,1,"2023-04-11 14:58:01.071686+03","2023-04-12 04:58:01.071686+03",14,10,6
645,546,13,"2023-04-11 14:58:01.074826+03","2023-04-11 18:58:01.074826+03",4,10,3
646,436,7,"2023-04-11 14:58:01.074826+03","2023-04-12 14:58:01.074826+03",24,5,9
647,159,13,"2023-04-11 14:58:01.074826+03","2023-04-11 19:58:01.074826+03",5,10,3
648,28,16,"2023-04-11 14:58:01.074826+03","2023-04-12 13:58:01.074826+03",23,8,10
649,694,11,"2023-04-11 14:58:01.074826+03","2023-04-12 16:58:01.074826+03",26,5,8
650,963,13,"2023-04-11 14:58:01.074826+03","2023-04-12 00:58:01.074826+03",10,10,4
651,570,2,"2023-04-11 14:58:01.074826+03","2023-04-12 18:58:01.074826+03",28,1,8
652,969,14,"2023-04-11 14:58:01.074826+03","2023-04-12 06:58:01.074826+03",16,5,3
653,428,8,"2023-04-11 14:58:01.074826+03","2023-04-12 21:58:01.074826+03",31,2,8
654,467,1,"2023-04-11 14:58:01.074826+03","2023-04-11 22:58:01.074826+03",8,10,5
655,360,17,"2023-04-11 14:58:01.074826+03","2023-04-12 08:58:01.074826+03",18,9,9
656,361,5,"2023-04-11 14:58:01.074826+03","2023-04-12 08:58:01.074826+03",18,3,2
657,506,16,"2023-04-11 14:58:01.080239+03","2023-04-12 02:58:01.080239+03",12,8,3
658,551,8,"2023-04-11 14:58:01.080969+03","2023-04-12 19:58:01.080969+03",29,2,8
659,715,13,"2023-04-11 14:58:01.080969+03","2023-04-12 04:58:01.080969+03",14,10,6
660,637,17,"2023-04-11 14:58:01.080969+03","2023-04-11 19:58:01.080969+03",5,9,3
661,692,19,"2023-04-11 14:58:01.080969+03","2023-04-12 10:58:01.080969+03",20,1,3
662,903,18,"2023-04-11 14:58:01.080969+03","2023-04-12 09:58:01.080969+03",19,6,7
663,491,6,"2023-04-11 14:58:01.080969+03","2023-04-11 21:58:01.080969+03",7,9,1
664,254,14,"2023-04-11 14:58:01.080969+03","2023-04-12 10:58:01.080969+03",20,5,5
665,429,13,"2023-04-11 14:58:01.080969+03","2023-04-11 23:58:01.080969+03",9,10,6
666,400,1,"2023-04-11 14:58:01.080969+03","2023-04-11 16:58:01.080969+03",2,10,1
667,781,4,"2023-04-11 14:58:01.084578+03","2023-04-12 03:58:01.084578+03",13,7,5
668,374,12,"2023-04-11 14:58:01.084578+03","2023-04-13 00:58:01.084578+03",34,1,9
669,169,11,"2023-04-11 14:58:01.084578+03","2023-04-12 20:58:01.084578+03",30,5,10
670,408,16,"2023-04-11 14:58:01.084578+03","2023-04-11 20:58:01.084578+03",6,8,2
671,890,1,"2023-04-11 14:58:01.084578+03","2023-04-12 03:58:01.084578+03",13,10,7
672,517,20,"2023-04-11 14:58:01.084578+03","2023-04-12 15:58:01.084578+03",25,5,7
673,15,7,"2023-04-11 14:58:01.084578+03","2023-04-12 12:58:01.084578+03",22,5,8
674,696,8,"2023-04-11 14:58:01.084578+03","2023-04-12 09:58:01.084578+03",19,2,4
675,440,11,"2023-04-11 14:58:01.084578+03","2023-04-12 14:58:01.084578+03",24,5,9
676,211,2,"2023-04-11 14:58:01.084578+03","2023-04-12 10:58:01.084578+03",20,1,2
677,142,16,"2023-04-11 14:58:01.084578+03","2023-04-12 00:58:01.084578+03",10,8,4
678,571,8,"2023-04-11 14:58:01.084578+03","2023-04-12 22:58:01.084578+03",32,2,8
679,866,7,"2023-04-11 14:58:01.089694+03","2023-04-12 08:58:01.089694+03",18,5,2
680,175,20,"2023-04-11 14:58:01.089694+03","2023-04-12 08:58:01.089694+03",18,5,6
681,569,4,"2023-04-11 14:58:01.089694+03","2023-04-12 05:58:01.089694+03",15,7,6
682,281,4,"2023-04-11 14:58:01.089694+03","2023-04-12 03:58:01.089694+03",13,7,3
683,404,10,"2023-04-11 14:58:01.089694+03","2023-04-12 17:58:01.089694+03",27,6,10
684,758,1,"2023-04-11 14:58:01.089694+03","2023-04-11 18:58:01.089694+03",4,10,3
685,86,2,"2023-04-11 14:58:01.089694+03","2023-04-12 12:58:01.089694+03",22,1,2
686,18,10,"2023-04-11 14:58:01.089694+03","2023-04-12 09:58:01.089694+03",19,6,7
687,67,19,"2023-04-11 14:58:01.089694+03","2023-04-12 20:58:01.089694+03",30,1,7
688,806,4,"2023-04-11 14:58:01.089694+03","2023-04-12 14:58:01.089694+03",24,7,8
689,931,13,"2023-04-11 14:58:01.089694+03","2023-04-12 08:58:01.089694+03",18,10,9
690,24,11,"2023-04-11 14:58:01.089694+03","2023-04-12 08:58:01.089694+03",18,5,3
691,553,20,"2023-04-11 14:58:01.089694+03","2023-04-12 14:58:01.089694+03",24,5,8
692,592,18,"2023-04-11 14:58:01.09481+03","2023-04-12 08:58:01.09481+03",18,6,4
693,182,11,"2023-04-11 14:58:01.09481+03","2023-04-12 04:58:01.09481+03",14,5,4
694,995,9,"2023-04-11 14:58:01.09481+03","2023-04-12 04:58:01.09481+03",14,9,8
695,748,13,"2023-04-11 14:58:01.096327+03","2023-04-11 22:58:01.096327+03",8,10,3
696,244,18,"2023-04-11 14:58:01.096327+03","2023-04-12 16:58:01.096327+03",26,6,8
697,986,15,"2023-04-11 14:58:01.096327+03","2023-04-12 12:58:01.096327+03",22,4,6
698,893,9,"2023-04-11 14:58:01.096327+03","2023-04-11 22:58:01.096327+03",8,9,1
699,874,1,"2023-04-11 14:58:01.096327+03","2023-04-12 02:58:01.096327+03",12,10,8
700,585,5,"2023-04-11 14:58:01.096327+03","2023-04-13 01:58:01.096327+03",35,3,10
701,92,13,"2023-04-11 14:58:01.096327+03","2023-04-12 08:58:01.096327+03",18,10,9
702,888,6,"2023-04-11 14:58:01.096327+03","2023-04-12 12:58:01.096327+03",22,9,9
703,710,7,"2023-04-11 14:58:01.096327+03","2023-04-12 20:58:01.096327+03",30,5,10
704,516,5,"2023-04-11 14:58:01.096327+03","2023-04-12 09:58:01.096327+03",19,3,1
705,29,5,"2023-04-11 14:58:01.096327+03","2023-04-12 20:58:01.096327+03",30,3,9
706,881,15,"2023-04-11 14:58:01.096327+03","2023-04-12 05:58:01.096327+03",15,4,3
707,966,9,"2023-04-11 14:58:01.096327+03","2023-04-12 04:58:01.096327+03",14,9,7
708,341,8,"2023-04-11 14:58:01.096327+03","2023-04-12 20:58:01.096327+03",30,2,8
709,923,6,"2023-04-11 14:58:01.096327+03","2023-04-11 19:58:01.096327+03",5,9,2
710,687,13,"2023-04-11 14:58:01.096327+03","2023-04-11 16:58:01.096327+03",2,10,2
711,796,3,"2023-04-11 14:58:01.104938+03","2023-04-12 17:58:01.104938+03",27,5,8
712,959,20,"2023-04-11 14:58:01.104938+03","2023-04-12 13:58:01.104938+03",23,5,6
713,212,16,"2023-04-11 14:58:01.104938+03","2023-04-12 00:58:01.104938+03",10,8,5
714,286,7,"2023-04-11 14:58:01.104938+03","2023-04-12 18:58:01.104938+03",28,5,10
715,690,7,"2023-04-11 14:58:01.104938+03","2023-04-12 18:58:01.104938+03",28,5,9
716,988,10,"2023-04-11 14:58:01.104938+03","2023-04-12 13:58:01.104938+03",23,6,7
717,525,14,"2023-04-11 14:58:01.104938+03","2023-04-12 07:58:01.104938+03",17,5,3
718,838,17,"2023-04-11 14:58:01.104938+03","2023-04-12 09:58:01.104938+03",19,9,8
719,815,20,"2023-04-11 14:58:01.104938+03","2023-04-12 11:58:01.104938+03",21,5,6
720,227,20,"2023-04-11 14:58:01.104938+03","2023-04-12 10:58:01.104938+03",20,5,7
721,983,12,"2023-04-11 14:58:01.104938+03","2023-04-12 12:58:01.104938+03",22,1,3
722,745,8,"2023-04-11 14:58:01.104938+03","2023-04-12 09:58:01.104938+03",19,2,1
723,864,2,"2023-04-11 14:58:01.104938+03","2023-04-13 00:58:01.104938+03",34,1,10
724,797,19,"2023-04-11 14:58:01.110067+03","2023-04-12 09:58:01.110067+03",19,1,1
725,640,16,"2023-04-11 14:58:01.110067+03","2023-04-12 05:58:01.110067+03",15,8,5
726,821,10,"2023-04-11 14:58:01.110067+03","2023-04-12 00:58:01.110067+03",10,6,1
727,511,4,"2023-04-11 14:58:01.110067+03","2023-04-12 06:58:01.110067+03",16,7,7
728,723,20,"2023-04-11 14:58:01.110067+03","2023-04-12 03:58:01.110067+03",13,5,2
729,631,18,"2023-04-11 14:58:01.112184+03","2023-04-12 07:58:01.112184+03",17,6,6
730,53,20,"2023-04-11 14:58:01.112184+03","2023-04-12 14:58:01.112184+03",24,5,7
731,410,12,"2023-04-11 14:58:01.112184+03","2023-04-12 14:58:01.112184+03",24,1,6
732,608,20,"2023-04-11 14:58:01.112184+03","2023-04-12 02:58:01.112184+03",12,5,1
733,904,4,"2023-04-11 14:58:01.112184+03","2023-04-11 23:58:01.112184+03",9,7,3
734,919,19,"2023-04-11 14:58:01.112184+03","2023-04-12 12:58:01.112184+03",22,1,1
735,530,8,"2023-04-11 14:58:01.114798+03","2023-04-12 15:58:01.114798+03",25,2,6
736,470,7,"2023-04-11 14:58:01.114798+03","2023-04-12 14:58:01.114798+03",24,5,8
737,779,6,"2023-04-11 14:58:01.114798+03","2023-04-11 19:58:01.114798+03",5,9,1
738,534,17,"2023-04-11 14:58:01.114798+03","2023-04-12 12:58:01.114798+03",22,9,9
739,25,20,"2023-04-11 14:58:01.114798+03","2023-04-12 14:58:01.114798+03",24,5,8
740,398,1,"2023-04-11 14:58:01.114798+03","2023-04-11 21:58:01.114798+03",7,10,4
741,213,7,"2023-04-11 14:58:01.114798+03","2023-04-12 08:58:01.114798+03",18,5,6
742,120,1,"2023-04-11 14:58:01.114798+03","2023-04-12 02:58:01.114798+03",12,10,5
743,929,19,"2023-04-11 14:58:01.114798+03","2023-04-12 12:58:01.114798+03",22,1,5
744,713,1,"2023-04-11 14:58:01.114798+03","2023-04-12 09:58:01.114798+03",19,10,10
745,321,15,"2023-04-11 14:58:01.114798+03","2023-04-12 02:58:01.114798+03",12,4,1
746,509,20,"2023-04-11 14:58:01.114798+03","2023-04-12 17:58:01.114798+03",27,5,10
747,578,2,"2023-04-11 14:58:01.119918+03","2023-04-12 17:58:01.119918+03",27,1,5
748,22,11,"2023-04-11 14:58:01.119918+03","2023-04-12 12:58:01.119918+03",22,5,6
749,901,5,"2023-04-11 14:58:01.119918+03","2023-04-13 01:58:01.119918+03",35,3,10
750,529,4,"2023-04-11 14:58:01.119918+03","2023-04-12 11:58:01.119918+03",21,7,8
751,375,9,"2023-04-11 14:58:01.119918+03","2023-04-12 06:58:01.119918+03",16,9,7
752,778,3,"2023-04-11 14:58:01.119918+03","2023-04-12 09:58:01.119918+03",19,5,6
753,955,9,"2023-04-11 14:58:01.119918+03","2023-04-12 00:58:01.119918+03",10,9,2
754,619,20,"2023-04-11 14:58:01.119918+03","2023-04-12 18:58:01.119918+03",28,5,10
755,239,11,"2023-04-11 14:58:01.119918+03","2023-04-12 22:58:01.119918+03",32,5,10
756,664,11,"2023-04-11 14:58:01.119918+03","2023-04-12 09:58:01.119918+03",19,5,3
757,667,10,"2023-04-11 14:58:01.119918+03","2023-04-12 13:58:01.119918+03",23,6,9
758,144,1,"2023-04-11 14:58:01.119918+03","2023-04-12 07:58:01.119918+03",17,10,9
759,314,6,"2023-04-11 14:58:01.119918+03","2023-04-12 01:58:01.119918+03",11,9,5
760,252,17,"2023-04-11 14:58:01.125031+03","2023-04-12 08:58:01.125031+03",18,9,7
761,430,6,"2023-04-11 14:58:01.125031+03","2023-04-12 01:58:01.125031+03",11,9,6
762,980,4,"2023-04-11 14:58:01.125031+03","2023-04-12 06:58:01.125031+03",16,7,6
763,202,15,"2023-04-11 14:58:01.125031+03","2023-04-12 09:58:01.125031+03",19,4,2
764,824,5,"2023-04-11 14:58:01.125031+03","2023-04-12 10:58:01.125031+03",20,3,4
765,504,10,"2023-04-11 14:58:01.125031+03","2023-04-12 18:58:01.125031+03",28,6,10
766,271,20,"2023-04-11 14:58:01.125031+03","2023-04-12 11:58:01.125031+03",21,5,7
767,976,17,"2023-04-11 14:58:01.12815+03","2023-04-11 19:58:01.12815+03",5,9,1
768,158,9,"2023-04-11 14:58:01.12815+03","2023-04-11 21:58:01.12815+03",7,9,3
769,34,1,"2023-04-11 14:58:01.12815+03","2023-04-11 15:58:01.12815+03",1,10,1
770,784,19,"2023-04-11 14:58:01.12815+03","2023-04-12 13:58:01.12815+03",23,1,5
771,683,10,"2023-04-11 14:58:01.12815+03","2023-04-12 16:58:01.12815+03",26,6,8
772,268,18,"2023-04-11 14:58:01.12815+03","2023-04-12 17:58:01.12815+03",27,6,9
773,112,20,"2023-04-11 14:58:01.12815+03","2023-04-12 10:58:01.12815+03",20,5,6
774,77,1,"2023-04-11 14:58:01.12815+03","2023-04-11 16:58:01.12815+03",2,10,1
775,754,14,"2023-04-11 14:58:01.12815+03","2023-04-12 22:58:01.12815+03",32,5,10
776,222,1,"2023-04-11 14:58:01.12815+03","2023-04-12 00:58:01.12815+03",10,10,7
777,68,14,"2023-04-11 14:58:01.12815+03","2023-04-12 12:58:01.12815+03",22,5,6
778,605,11,"2023-04-11 14:58:01.12815+03","2023-04-12 06:58:01.12815+03",16,5,3
779,829,19,"2023-04-11 14:58:01.12815+03","2023-04-12 16:58:01.12815+03",26,1,7
780,443,4,"2023-04-11 14:58:01.12815+03","2023-04-12 18:58:01.12815+03",28,7,10
781,869,2,"2023-04-11 14:58:01.12815+03","2023-04-12 07:58:01.12815+03",17,1,2
782,56,3,"2023-04-11 14:58:01.13476+03","2023-04-12 13:58:01.13476+03",23,5,7
783,994,20,"2023-04-11 14:58:01.13476+03","2023-04-12 04:58:01.13476+03",14,5,3
784,46,3,"2023-04-11 14:58:01.13476+03","2023-04-12 04:58:01.13476+03",14,5,1
785,10,3,"2023-04-11 14:58:01.13476+03","2023-04-12 13:58:01.13476+03",23,5,6
786,750,17,"2023-04-11 14:58:01.13476+03","2023-04-12 10:58:01.13476+03",20,9,8
787,402,16,"2023-04-11 14:58:01.13476+03","2023-04-12 00:58:01.13476+03",10,8,5
788,842,11,"2023-04-11 14:58:01.13476+03","2023-04-12 16:58:01.13476+03",26,5,9
789,299,12,"2023-04-11 14:58:01.13476+03","2023-04-12 08:58:01.13476+03",18,1,2
790,556,17,"2023-04-11 14:58:01.13476+03","2023-04-12 06:58:01.13476+03",16,9,9
791,727,2,"2023-04-11 14:58:01.13989+03","2023-04-12 12:58:01.13989+03",22,1,1
792,489,12,"2023-04-11 14:58:01.13989+03","2023-04-12 13:58:01.13989+03",23,1,5
793,595,5,"2023-04-11 14:58:01.13989+03","2023-04-12 16:58:01.13989+03",26,3,7
794,493,19,"2023-04-11 14:58:01.13989+03","2023-04-13 02:58:01.13989+03",36,1,10
795,712,19,"2023-04-11 14:58:01.13989+03","2023-04-12 13:58:01.13989+03",23,1,2
796,406,18,"2023-04-11 14:58:01.13989+03","2023-04-12 16:58:01.13989+03",26,6,8
797,503,11,"2023-04-11 14:58:01.13989+03","2023-04-12 03:58:01.13989+03",13,5,3
798,79,10,"2023-04-11 14:58:01.13989+03","2023-04-12 06:58:01.13989+03",16,6,5
799,543,14,"2023-04-11 14:58:01.13989+03","2023-04-12 04:58:01.13989+03",14,5,4
800,298,19,"2023-04-11 14:58:01.13989+03","2023-04-12 08:58:01.13989+03",18,1,3
801,872,8,"2023-04-11 14:58:01.13989+03","2023-04-12 05:58:01.13989+03",15,2,1
802,726,14,"2023-04-11 14:58:01.143998+03","2023-04-12 16:58:01.143998+03",26,5,9
803,49,9,"2023-04-11 14:58:01.144613+03","2023-04-11 19:58:01.144613+03",5,9,1
804,448,10,"2023-04-11 14:58:01.144613+03","2023-04-11 23:58:01.144613+03",9,6,1
805,264,1,"2023-04-11 14:58:01.144613+03","2023-04-11 23:58:01.144613+03",9,10,6
806,199,10,"2023-04-11 14:58:01.144613+03","2023-04-12 15:58:01.144613+03",25,6,10
807,801,4,"2023-04-11 14:58:01.144613+03","2023-04-12 16:58:01.144613+03",26,7,10
808,575,9,"2023-04-11 14:58:01.144613+03","2023-04-11 18:58:01.144613+03",4,9,2
809,791,19,"2023-04-11 14:58:01.144613+03","2023-04-12 22:58:01.144613+03",32,1,9
810,620,14,"2023-04-11 14:58:01.144613+03","2023-04-12 04:58:01.144613+03",14,5,2
811,560,10,"2023-04-11 14:58:01.144613+03","2023-04-12 08:58:01.144613+03",18,6,4
812,946,14,"2023-04-11 14:58:01.144613+03","2023-04-12 10:58:01.144613+03",20,5,6
813,812,8,"2023-04-11 14:58:01.144613+03","2023-04-12 14:58:01.144613+03",24,2,6
814,914,12,"2023-04-11 14:58:01.144613+03","2023-04-12 11:58:01.144613+03",21,1,4
815,201,2,"2023-04-11 14:58:01.144613+03","2023-04-12 13:58:01.144613+03",23,1,2
816,422,1,"2023-04-11 14:58:01.149752+03","2023-04-11 23:58:01.149752+03",9,10,4
817,209,17,"2023-04-11 14:58:01.149752+03","2023-04-11 22:58:01.149752+03",8,9,3
818,921,9,"2023-04-11 14:58:01.149752+03","2023-04-12 02:58:01.149752+03",12,9,4
819,394,18,"2023-04-11 14:58:01.149752+03","2023-04-12 07:58:01.149752+03",17,6,5
820,982,20,"2023-04-11 14:58:01.149752+03","2023-04-12 12:58:01.149752+03",22,5,7
821,230,10,"2023-04-11 14:58:01.149752+03","2023-04-12 03:58:01.149752+03",13,6,3
822,312,16,"2023-04-11 14:58:01.149752+03","2023-04-12 06:58:01.149752+03",16,8,7
823,57,18,"2023-04-11 14:58:01.149752+03","2023-04-12 04:58:01.149752+03",14,6,2
824,171,2,"2023-04-11 14:58:01.149752+03","2023-04-12 13:58:01.149752+03",23,1,6
825,363,7,"2023-04-11 14:58:01.149752+03","2023-04-12 17:58:01.149752+03",27,5,8
826,161,19,"2023-04-11 14:58:01.154756+03","2023-04-12 18:58:01.154756+03",28,1,6
827,628,4,"2023-04-11 14:58:01.154756+03","2023-04-12 03:58:01.154756+03",13,7,2
828,920,13,"2023-04-11 14:58:01.154756+03","2023-04-12 00:58:01.154756+03",10,10,5
829,265,14,"2023-04-11 14:58:01.154756+03","2023-04-12 08:58:01.154756+03",18,5,3
830,354,17,"2023-04-11 14:58:01.154756+03","2023-04-12 02:58:01.154756+03",12,9,4
831,119,10,"2023-04-11 14:58:01.154756+03","2023-04-12 10:58:01.154756+03",20,6,6
832,802,4,"2023-04-11 14:58:01.154756+03","2023-04-12 02:58:01.154756+03",12,7,3
833,186,5,"2023-04-11 14:58:01.154756+03","2023-04-12 19:58:01.154756+03",29,3,7
834,409,9,"2023-04-11 14:58:01.154756+03","2023-04-12 10:58:01.154756+03",20,9,10
835,497,8,"2023-04-11 14:58:01.154756+03","2023-04-12 11:58:01.154756+03",21,2,5
836,369,9,"2023-04-11 14:58:01.154756+03","2023-04-12 06:58:01.154756+03",16,9,7
837,774,12,"2023-04-11 14:58:01.154756+03","2023-04-12 16:58:01.154756+03",26,1,7
838,746,13,"2023-04-11 14:58:01.159827+03","2023-04-12 03:58:01.159827+03",13,10,6
839,453,2,"2023-04-11 14:58:01.159827+03","2023-04-12 13:58:01.159827+03",23,1,4
840,438,11,"2023-04-11 14:58:01.159827+03","2023-04-12 08:58:01.159827+03",18,5,5
841,753,1,"2023-04-11 14:58:01.159827+03","2023-04-12 02:58:01.159827+03",12,10,6
842,138,3,"2023-04-11 14:58:01.159827+03","2023-04-12 05:58:01.159827+03",15,5,2
843,616,6,"2023-04-11 14:58:01.161835+03","2023-04-11 22:58:01.161835+03",8,9,1
844,143,14,"2023-04-11 14:58:01.161835+03","2023-04-12 17:58:01.161835+03",27,5,10
845,865,15,"2023-04-11 14:58:01.161835+03","2023-04-12 06:58:01.161835+03",16,4,2
846,701,10,"2023-04-11 14:58:01.161835+03","2023-04-12 16:58:01.161835+03",26,6,9
847,163,1,"2023-04-11 14:58:01.161835+03","2023-04-11 19:58:01.161835+03",5,10,4
848,117,11,"2023-04-11 14:58:01.161835+03","2023-04-12 17:58:01.161835+03",27,5,9
849,909,13,"2023-04-11 14:58:01.161835+03","2023-04-11 19:58:01.161835+03",5,10,2
850,259,4,"2023-04-11 14:58:01.161835+03","2023-04-12 07:58:01.161835+03",17,7,7
851,925,8,"2023-04-11 14:58:01.165061+03","2023-04-13 00:58:01.165061+03",34,2,9
852,219,18,"2023-04-11 14:58:01.165061+03","2023-04-12 15:58:01.165061+03",25,6,10
853,769,19,"2023-04-11 14:58:01.165061+03","2023-04-12 15:58:01.165061+03",25,1,5
854,682,12,"2023-04-11 14:58:01.165061+03","2023-04-13 00:58:01.165061+03",34,1,10
855,868,9,"2023-04-11 14:58:01.165061+03","2023-04-12 08:58:01.165061+03",18,9,7
856,798,6,"2023-04-11 14:58:01.165061+03","2023-04-12 05:58:01.165061+03",15,9,8
857,249,13,"2023-04-11 14:58:01.165061+03","2023-04-11 16:58:01.165061+03",2,10,1
858,81,14,"2023-04-11 14:58:01.165061+03","2023-04-12 11:58:01.165061+03",21,5,6
859,358,17,"2023-04-11 14:58:01.165061+03","2023-04-12 14:58:01.165061+03",24,9,10
860,860,10,"2023-04-11 14:58:01.165061+03","2023-04-12 09:58:01.165061+03",19,6,5
861,859,16,"2023-04-11 14:58:01.165061+03","2023-04-12 14:58:01.165061+03",24,8,10
862,996,18,"2023-04-11 14:58:01.165061+03","2023-04-12 01:58:01.165061+03",11,6,3
863,472,2,"2023-04-11 14:58:01.165061+03","2023-04-12 22:58:01.165061+03",32,1,10
864,109,5,"2023-04-11 14:58:01.165061+03","2023-04-12 18:58:01.165061+03",28,3,9
865,345,11,"2023-04-11 14:58:01.165061+03","2023-04-12 13:58:01.165061+03",23,5,8
866,192,5,"2023-04-11 14:58:01.165061+03","2023-04-12 06:58:01.165061+03",16,3,3
867,650,13,"2023-04-11 14:58:01.165061+03","2023-04-11 17:58:01.165061+03",3,10,2
868,613,14,"2023-04-11 14:58:01.172124+03","2023-04-12 16:58:01.172124+03",26,5,8
869,766,2,"2023-04-11 14:58:01.172124+03","2023-04-12 11:58:01.172124+03",21,1,1
870,607,19,"2023-04-11 14:58:01.172124+03","2023-04-13 02:58:01.172124+03",36,1,10
871,972,17,"2023-04-11 14:58:01.172124+03","2023-04-11 19:58:01.172124+03",5,9,3
872,724,17,"2023-04-11 14:58:01.172124+03","2023-04-12 06:58:01.172124+03",16,9,9
873,879,14,"2023-04-11 14:58:01.172124+03","2023-04-12 08:58:01.172124+03",18,5,2
874,840,14,"2023-04-11 14:58:01.172124+03","2023-04-12 08:58:01.172124+03",18,5,4
875,4,3,"2023-04-11 14:58:01.174737+03","2023-04-12 07:58:01.174737+03",17,5,2
876,214,6,"2023-04-11 14:58:01.174848+03","2023-04-11 21:58:01.174848+03",7,9,1
877,792,2,"2023-04-11 14:58:01.174848+03","2023-04-12 17:58:01.174848+03",27,1,5
878,645,14,"2023-04-11 14:58:01.174848+03","2023-04-12 12:58:01.174848+03",22,5,7
879,434,18,"2023-04-11 14:58:01.175952+03","2023-04-12 12:58:01.175952+03",22,6,8
880,651,4,"2023-04-11 14:58:01.175952+03","2023-04-12 12:58:01.175952+03",22,7,9
881,940,7,"2023-04-11 14:58:01.175952+03","2023-04-12 19:58:01.175952+03",29,5,9
882,337,3,"2023-04-11 14:58:01.175952+03","2023-04-12 04:58:01.175952+03",14,5,4
883,531,12,"2023-04-11 14:58:01.175952+03","2023-04-12 16:58:01.175952+03",26,1,5
884,898,9,"2023-04-11 14:58:01.175952+03","2023-04-12 11:58:01.175952+03",21,9,10
885,663,16,"2023-04-11 14:58:01.175952+03","2023-04-12 02:58:01.175952+03",12,8,4
886,1000,6,"2023-04-11 14:58:01.175952+03","2023-04-12 04:58:01.175952+03",14,9,5
887,146,8,"2023-04-11 14:58:01.175952+03","2023-04-12 10:58:01.175952+03",20,2,2
888,151,9,"2023-04-11 14:58:01.175952+03","2023-04-12 08:58:01.175952+03",18,9,8
889,280,15,"2023-04-11 14:58:01.175952+03","2023-04-12 09:58:01.175952+03",19,4,2
890,308,1,"2023-04-11 14:58:01.175952+03","2023-04-12 09:58:01.175952+03",19,10,10
891,60,15,"2023-04-11 14:58:01.175952+03","2023-04-12 07:58:01.175952+03",17,4,3
892,425,18,"2023-04-11 14:58:01.175952+03","2023-04-12 03:58:01.175952+03",13,6,1
893,176,8,"2023-04-11 14:58:01.175952+03","2023-04-12 21:58:01.175952+03",31,2,10
894,292,3,"2023-04-11 14:58:01.175952+03","2023-04-12 13:58:01.175952+03",23,5,7
895,834,5,"2023-04-11 14:58:01.175952+03","2023-04-12 10:58:01.175952+03",20,3,2
896,989,19,"2023-04-11 14:58:01.175952+03","2023-04-13 04:58:01.175952+03",38,1,10
897,477,10,"2023-04-11 14:58:01.175952+03","2023-04-12 15:58:01.175952+03",25,6,8
898,344,17,"2023-04-11 14:58:01.175952+03","2023-04-11 19:58:01.175952+03",5,9,1
899,320,17,"2023-04-11 14:58:01.175952+03","2023-04-12 06:58:01.175952+03",16,9,7
900,885,18,"2023-04-11 14:58:01.175952+03","2023-04-12 17:58:01.175952+03",27,6,10
901,421,15,"2023-04-11 14:58:01.175952+03","2023-04-12 16:58:01.175952+03",26,4,8
902,106,8,"2023-04-11 14:58:01.184913+03","2023-04-12 20:58:01.184913+03",30,2,7
903,478,10,"2023-04-11 14:58:01.184913+03","2023-04-12 08:58:01.184913+03",18,6,7
904,168,10,"2023-04-11 14:58:01.184913+03","2023-04-12 14:58:01.184913+03",24,6,8
905,558,17,"2023-04-11 14:58:01.184913+03","2023-04-12 13:58:01.184913+03",23,9,10
906,150,13,"2023-04-11 14:58:01.184913+03","2023-04-12 05:58:01.184913+03",15,10,7
907,16,14,"2023-04-11 14:58:01.184913+03","2023-04-12 02:58:01.184913+03",12,5,1
908,266,16,"2023-04-11 14:58:01.184913+03","2023-04-12 04:58:01.184913+03",14,8,4
909,235,13,"2023-04-11 14:58:01.184913+03","2023-04-11 20:58:01.184913+03",6,10,2
910,958,19,"2023-04-11 14:58:01.184913+03","2023-04-12 09:58:01.184913+03",19,1,2
911,221,14,"2023-04-11 14:58:01.184913+03","2023-04-12 16:58:01.184913+03",26,5,10
912,379,10,"2023-04-11 14:58:01.184913+03","2023-04-12 08:58:01.184913+03",18,6,7
913,258,6,"2023-04-11 14:58:01.184913+03","2023-04-12 08:58:01.184913+03",18,9,7
914,194,10,"2023-04-11 14:58:01.184913+03","2023-04-12 16:58:01.184913+03",26,6,10
915,835,17,"2023-04-11 14:58:01.184913+03","2023-04-11 22:58:01.184913+03",8,9,3
916,329,10,"2023-04-11 14:58:01.184913+03","2023-04-12 17:58:01.184913+03",27,6,10
917,943,8,"2023-04-11 14:58:01.184913+03","2023-04-12 23:58:01.184913+03",33,2,10
918,686,19,"2023-04-11 14:58:01.184913+03","2023-04-12 16:58:01.184913+03",26,1,4
919,185,9,"2023-04-11 14:58:01.184913+03","2023-04-12 09:58:01.184913+03",19,9,9
920,48,20,"2023-04-11 14:58:01.184913+03","2023-04-12 03:58:01.184913+03",13,5,1
921,388,2,"2023-04-11 14:58:01.192113+03","2023-04-12 19:58:01.192113+03",29,1,7
922,42,2,"2023-04-11 14:58:01.192113+03","2023-04-12 12:58:01.192113+03",22,1,1
923,289,2,"2023-04-11 14:58:01.192113+03","2023-04-12 23:58:01.192113+03",33,1,8
924,676,5,"2023-04-11 14:58:01.192113+03","2023-04-12 11:58:01.192113+03",21,3,2
925,887,12,"2023-04-11 14:58:01.192113+03","2023-04-12 19:58:01.192113+03",29,1,7
926,272,19,"2023-04-11 14:58:01.192113+03","2023-04-12 16:58:01.192113+03",26,1,5
927,457,12,"2023-04-11 14:58:01.194823+03","2023-04-12 08:58:01.194823+03",18,1,2
928,465,18,"2023-04-11 14:58:01.194823+03","2023-04-12 02:58:01.194823+03",12,6,2
929,757,13,"2023-04-11 14:58:01.194823+03","2023-04-12 00:58:01.194823+03",10,10,7
930,648,11,"2023-04-11 14:58:01.194823+03","2023-04-12 06:58:01.194823+03",16,5,3
931,257,7,"2023-04-11 14:58:01.194823+03","2023-04-12 14:58:01.194823+03",24,5,9
932,964,9,"2023-04-11 14:58:01.194823+03","2023-04-12 08:58:01.194823+03",18,9,10
933,103,16,"2023-04-11 14:58:01.194823+03","2023-04-11 22:58:01.194823+03",8,8,1
934,20,2,"2023-04-11 14:58:01.194823+03","2023-04-12 20:58:01.194823+03",30,1,7
935,565,2,"2023-04-11 14:58:01.194823+03","2023-04-12 23:58:01.194823+03",33,1,8
936,245,1,"2023-04-11 14:58:01.194823+03","2023-04-11 22:58:01.194823+03",8,10,5
937,867,14,"2023-04-11 14:58:01.194823+03","2023-04-12 09:58:01.194823+03",19,5,3
938,634,11,"2023-04-11 14:58:01.194823+03","2023-04-12 07:58:01.194823+03",17,5,4
939,832,8,"2023-04-11 14:58:01.194823+03","2023-04-12 14:58:01.194823+03",24,2,6
940,956,8,"2023-04-11 14:58:01.194823+03","2023-04-12 15:58:01.194823+03",25,2,7
941,131,6,"2023-04-11 14:58:01.199931+03","2023-04-11 22:58:01.199931+03",8,9,1
942,290,15,"2023-04-11 14:58:01.199931+03","2023-04-12 12:58:01.199931+03",22,4,4
943,933,6,"2023-04-11 14:58:01.199931+03","2023-04-12 08:58:01.199931+03",18,9,9
944,786,7,"2023-04-11 14:58:01.199931+03","2023-04-12 19:58:01.199931+03",29,5,9
945,43,8,"2023-04-11 14:58:01.199931+03","2023-04-12 10:58:01.199931+03",20,2,2
946,390,2,"2023-04-11 14:58:01.199931+03","2023-04-12 15:58:01.199931+03",25,1,4
947,128,4,"2023-04-11 14:58:01.199931+03","2023-04-12 11:58:01.199931+03",21,7,9
948,795,20,"2023-04-11 14:58:01.199931+03","2023-04-12 06:58:01.199931+03",16,5,3
949,135,2,"2023-04-11 14:58:01.199931+03","2023-04-12 15:58:01.199931+03",25,1,4
950,630,12,"2023-04-11 14:58:01.199931+03","2023-04-12 14:58:01.199931+03",24,1,6
951,154,18,"2023-04-11 14:58:01.199931+03","2023-04-12 09:58:01.199931+03",19,6,6
952,574,6,"2023-04-11 14:58:01.199931+03","2023-04-12 08:58:01.199931+03",18,9,8
953,915,6,"2023-04-11 14:58:01.199931+03","2023-04-11 23:58:01.199931+03",9,9,5
954,891,4,"2023-04-11 14:58:01.205135+03","2023-04-12 12:58:01.205135+03",22,7,9
955,488,3,"2023-04-11 14:58:01.205135+03","2023-04-12 17:58:01.205135+03",27,5,10
956,501,8,"2023-04-11 14:58:01.205135+03","2023-04-12 17:58:01.205135+03",27,2,7
957,54,2,"2023-04-11 14:58:01.205135+03","2023-04-12 12:58:01.205135+03",22,1,4
958,30,5,"2023-04-11 14:58:01.205135+03","2023-04-12 09:58:01.205135+03",19,3,4
959,581,9,"2023-04-11 14:58:01.205135+03","2023-04-12 03:58:01.205135+03",13,9,5
960,215,4,"2023-04-11 14:58:01.205135+03","2023-04-12 12:58:01.205135+03",22,7,10
961,897,18,"2023-04-11 14:58:01.205135+03","2023-04-12 19:58:01.205135+03",29,6,10
962,96,6,"2023-04-11 14:58:01.205135+03","2023-04-12 00:58:01.205135+03",10,9,4
963,370,3,"2023-04-11 14:58:01.208247+03","2023-04-12 11:58:01.208247+03",21,5,7
964,508,12,"2023-04-11 14:58:01.208247+03","2023-04-12 10:58:01.208247+03",20,1,2
965,9,18,"2023-04-11 14:58:01.208247+03","2023-04-12 13:58:01.208247+03",23,6,8
966,776,1,"2023-04-11 14:58:01.208247+03","2023-04-12 07:58:01.208247+03",17,10,10
967,23,7,"2023-04-11 14:58:01.208247+03","2023-04-12 03:58:01.208247+03",13,5,1
968,460,10,"2023-04-11 14:58:01.208247+03","2023-04-12 06:58:01.208247+03",16,6,3
969,773,3,"2023-04-11 14:58:01.208247+03","2023-04-12 06:58:01.208247+03",16,5,4
970,273,1,"2023-04-11 14:58:01.211987+03","2023-04-12 00:58:01.211987+03",10,10,6
971,785,13,"2023-04-11 14:58:01.212992+03","2023-04-12 00:58:01.212992+03",10,10,7
972,787,3,"2023-04-11 14:58:01.212992+03","2023-04-12 07:58:01.212992+03",17,5,2
973,895,8,"2023-04-11 14:58:01.212992+03","2023-04-12 08:58:01.212992+03",18,2,4
974,362,19,"2023-04-11 14:58:01.212992+03","2023-04-12 09:58:01.212992+03",19,1,3
975,313,3,"2023-04-11 14:58:01.214716+03","2023-04-12 02:58:01.214716+03",12,5,2
976,217,6,"2023-04-11 14:58:01.214716+03","2023-04-12 01:58:01.214716+03",11,9,5
977,295,4,"2023-04-11 14:58:01.214716+03","2023-04-12 05:58:01.214716+03",15,7,4
978,761,6,"2023-04-11 14:58:01.215717+03","2023-04-12 02:58:01.215717+03",12,9,4
979,305,20,"2023-04-11 14:58:01.215717+03","2023-04-12 07:58:01.215717+03",17,5,2
980,949,10,"2023-04-11 14:58:01.215717+03","2023-04-12 06:58:01.215717+03",16,6,3
981,822,7,"2023-04-11 14:58:01.215717+03","2023-04-12 17:58:01.215717+03",27,5,10
982,152,6,"2023-04-11 14:58:01.215717+03","2023-04-12 00:58:01.215717+03",10,9,5
983,445,10,"2023-04-11 14:58:01.215717+03","2023-04-12 07:58:01.215717+03",17,6,5
984,580,4,"2023-04-11 14:58:01.215717+03","2023-04-12 10:58:01.215717+03",20,7,6
985,749,1,"2023-04-11 14:58:01.215717+03","2023-04-12 03:58:01.215717+03",13,10,7
986,851,3,"2023-04-11 14:58:01.215717+03","2023-04-12 05:58:01.215717+03",15,5,3
987,218,4,"2023-04-11 14:58:01.215717+03","2023-04-12 00:58:01.215717+03",10,7,1
988,984,11,"2023-04-11 14:58:01.215717+03","2023-04-12 03:58:01.215717+03",13,5,3
989,803,2,"2023-04-11 14:58:01.215717+03","2023-04-12 11:58:01.215717+03",21,1,2
990,990,19,"2023-04-11 14:58:01.215717+03","2023-04-12 06:58:01.215717+03",16,1,1
991,993,16,"2023-04-11 14:58:01.215717+03","2023-04-12 10:58:01.215717+03",20,8,9
992,384,7,"2023-04-11 14:58:01.215717+03","2023-04-12 04:58:01.215717+03",14,5,4
993,173,19,"2023-04-11 14:58:01.215717+03","2023-04-12 20:58:01.215717+03",30,1,9
994,677,7,"2023-04-11 14:58:01.215717+03","2023-04-12 12:58:01.215717+03",22,5,5
995,225,3,"2023-04-11 14:58:01.215717+03","2023-04-12 06:58:01.215717+03",16,5,2
996,765,1,"2023-04-11 14:58:01.215717+03","2023-04-12 02:58:01.215717+03",12,10,6
997,908,18,"2023-04-11 14:58:01.215717+03","2023-04-12 03:58:01.215717+03",13,6,1
998,678,16,"2023-04-11 14:58:01.215717+03","2023-04-12 01:58:01.215717+03",11,8,4
999,63,4,"2023-04-11 14:58:01.215717+03","2023-04-12 08:58:01.215717+03",18,7,8
1000,441,14,"2023-04-11 14:58:01.215717+03","2023-04-12 16:58:01.215717+03",26,5,8
